transect_id,date,year,season,location,reserve,site_n,habitat,site_name,trans_letter,depth,depth_category,lat,lon,visibilty,transect_area_m2,observer_fish,mean_complexity,complexity_imputed,Biomass,Abundance,Richness,adjusted_area,Biomass_nor,Abundance_nor,mean_algae_height
1001,2024-06-05 00:00:00,2024,spring,bat.galim,out,1,Low complexity,iolr.macroalgae.diverse,A,2,shallow,32.830811,34.960314,13,150.0,Sarah.Ohayon,1.0,no,0.3262685966656383,36,2,1.0,0.3262685966656383,36.0,11.222222
1002,2024-06-05 00:00:00,2024,spring,bat.galim,out,1,Low complexity,iolr.macroalgae.diverse,B,1.5,shallow,32.830811,34.960314,13,150.0,Sarah.Ohayon,1.222222,no,0.023745939432332986,3,1,1.0,0.023745939432332986,3.0,13.222222
1003,2024-06-05 00:00:00,2024,spring,bat.galim,out,1,Low complexity,iolr.macroalgae.diverse,C,1.5,shallow,32.830811,34.960314,13,150.0,Sarah.Ohayon,1.333333,no,0.04157101300927779,4,1,1.0,0.04157101300927779,4.0,15.666667
1004,2024-06-05 00:00:00,2024,spring,bat.galim,out,1,Low complexity,iolr.macroalgae.diverse,D,1.5,shallow,32.830811,34.960314,13,150.0,Sarah.Ohayon,1.222222,no,0.1002252911114559,12,1,1.0,0.1002252911114559,12.0,13.555556
1005,2024-06-05 00:00:00,2024,spring,bat.galim,out,2,High complexity,curch.complex,A,2.5,shallow,32.831628,34.963678,13,150.0,Sarah.Ohayon,3.555556,no,3.108336743867843,128,8,1.0,3.108336743867843,128.0,3.111111
1006,2024-06-05 00:00:00,2024,spring,bat.galim,out,2,High complexity,curch.complex,B,3,shallow,32.831628,34.963678,13,150.0,Sarah.Ohayon,2.555556,no,2.005211090527863,72,6,1.0,2.005211090527863,72.0,2.333333
1007,2024-06-05 00:00:00,2024,spring,bat.galim,out,2,High complexity,curch.complex,C,2.5,shallow,32.831628,34.963678,13,150.0,Sarah.Ohayon,3.222222,no,13.570228659934749,377,11,1.0,13.570228659934749,377.0,3.055556
1008,2024-06-06 00:00:00,2024,spring,bat.galim,out,3,High complexity,papa.arches.complex,A,2.5,shallow,32.833734,34.96545,22,150.0,Sarah.Ohayon,3.444444,no,4.369762051524972,182,6,1.0,4.369762051524972,182.0,4.222222
1009,2024-06-06 00:00:00,2024,spring,bat.galim,out,3,High complexity,papa.arches.complex,B,2.3,shallow,32.833734,34.96545,22,150.0,Sarah.Ohayon,3.111111,no,2.9957488265540553,91,5,1.0,2.9957488265540553,91.0,3.888889
1010,2024-06-06 00:00:00,2024,spring,bat.galim,out,3,High complexity,papa.arches.complex,C,2.5,shallow,32.833734,34.96545,22,150.0,Sarah.Ohayon,2.444444,no,2.573899888378126,125,4,1.0,2.573899888378126,125.0,3.5
1011,2024-06-06 00:00:00,2024,spring,bat.galim,out,4,Low complexity,surfers.bay.macroalgae,A,2.5,shallow,32.834016,34.967899,22,150.0,Sarah.Ohayon,1.0,no,0.05495016573179681,7,1,1.0,0.05495016573179681,7.0,13.555556
1012,2024-06-06 00:00:00,2024,spring,bat.galim,out,4,Low complexity,surfers.bay.macroalgae,B,2.5,shallow,32.834016,34.967899,22,150.0,Sarah.Ohayon,1.0,no,0.08345240697835445,7,1,1.0,0.08345240697835445,7.0,14.444444
1013,2024-06-06 00:00:00,2024,spring,bat.galim,out,4,Low complexity,surfers.bay.macroalgae,C,2.5,shallow,32.834016,34.967899,22,150.0,Sarah.Ohayon,1.555556,no,0.14354218901049978,17,2,1.0,0.14354218901049978,17.0,13.666667
1014,2024-06-06 00:00:00,2024,spring,bat.galim,out,5,Low complexity,promenade.macroalgae,A,2,shallow,32.833754,34.973627,8.5,150.0,Sarah.Ohayon,1.111111,no,0.17426996557645516,16,2,1.0,0.17426996557645516,16.0,15.388889
1015,2024-06-06 00:00:00,2024,spring,bat.galim,out,5,Low complexity,promenade.macroalgae,B,2,shallow,32.833754,34.973627,8.5,150.0,Sarah.Ohayon,0.666667,no,0.024346728374788754,3,2,1.0,0.024346728374788754,3.0,19.666667
1016,2024-06-06 00:00:00,2024,spring,bat.galim,out,5,Low complexity,promenade.macroalgae,C,2,shallow,32.833754,34.973627,8.5,150.0,Sarah.Ohayon,0.444444,no,1e-05,0,1,1.0,1e-05,0.0,23.611111
1017,2024-06-06 00:00:00,2024,spring,bat.galim,out,6,High complexity,promenade.complex,A,3,shallow,32.834911,34.973934,8.5,150.0,Sarah.Ohayon,3.0,no,0.834501397998074,36,5,1.0,0.834501397998074,36.0,3.555556
1018,2024-06-06 00:00:00,2024,spring,bat.galim,out,6,High complexity,promenade.complex,B,2,shallow,32.834911,34.973934,8.5,150.0,Sarah.Ohayon,2.666667,no,0.4509195706922585,16,4,1.0,0.4509195706922585,16.0,3.333333
1019,2024-12-09 00:00:00,2024,fall,bat.galim,out,1,Low complexity,iolr.macroalgae.diverse,A,1.8,shallow,32.830811,34.960314,13,150.0,Sarah.Ohayon,1.0,no,0.043269821297736266,1,1,1.0,0.043269821297736266,1.0,20.55
1020,2024-12-09 00:00:00,2024,fall,bat.galim,out,1,Low complexity,iolr.macroalgae.diverse,B,1.8,shallow,32.830811,34.960314,13,150.0,Sarah.Ohayon,1.2,no,0.22605072287571884,61,2,1.0,0.22605072287571884,61.0,21.9
1021,2024-12-09 00:00:00,2024,fall,bat.galim,out,1,Low complexity,iolr.macroalgae.diverse,C,1.8,shallow,32.830811,34.960314,13,150.0,Sarah.Ohayon,1.0,no,1e-05,0,1,1.0,1e-05,0.0,23.35
1022,2024-12-09 00:00:00,2024,fall,bat.galim,out,2,High complexity,curch.complex,A,3.2,shallow,32.831628,34.963678,13,150.0,Sarah.Ohayon,2.9,no,6.56734828970778,315,5,1.0,6.56734828970778,315.0,1.6
1023,2024-12-09 00:00:00,2024,fall,bat.galim,out,2,High complexity,curch.complex,B,3.2,shallow,32.831628,34.963678,13,150.0,Sarah.Ohayon,3.9,no,12.899453243397003,552,3,1.0,12.899453243397003,552.0,1.2
1024,2024-12-09 00:00:00,2024,fall,bat.galim,out,2,High complexity,curch.complex,C,3.2,shallow,32.831628,34.963678,13,150.0,Sarah.Ohayon,3.4,no,4.2378605998474335,293,6,1.0,4.2378605998474335,293.0,1.3
1025,2024-12-09 00:00:00,2024,fall,bat.galim,out,3,High complexity,papa.arches.complex,A,2.5,shallow,32.833734,34.96545,6,150.0,Sarah.Ohayon,2.5,no,2.2284644241345806,152,4,1.0,2.2284644241345806,152.0,1.5
1026,2024-12-09 00:00:00,2024,fall,bat.galim,out,3,High complexity,papa.arches.complex,B,2.5,shallow,32.833734,34.96545,3,150.0,Sarah.Ohayon,3.5,no,0.23756744529117277,10,3,1.0,0.23756744529117277,10.0,1.5
1027,2024-12-09 00:00:00,2024,fall,bat.galim,out,3,High complexity,papa.arches.complex,C,2.5,shallow,32.833734,34.96545,3,150.0,Sarah.Ohayon,3.3,no,0.16194351701168072,8,2,1.0,0.16194351701168072,8.0,1.5
1028,2024-12-09 00:00:00,2024,fall,bat.galim,out,4,Low complexity,surfers.bay.macroalgae,A,2,shallow,32.834016,34.967899,11,150.0,Sarah.Ohayon,1.0,no,1e-05,0,1,1.0,1e-05,0.0,17.45
1029,2024-12-09 00:00:00,2024,fall,bat.galim,out,4,Low complexity,surfers.bay.macroalgae,B,2,shallow,32.834016,34.967899,11,150.0,Sarah.Ohayon,1.0,no,1e-05,0,1,1.0,1e-05,0.0,17.4
1030,2024-12-09 00:00:00,2024,fall,bat.galim,out,4,Low complexity,surfers.bay.macroalgae,C,2,shallow,32.834016,34.967899,11,150.0,Sarah.Ohayon,1.0,no,1e-05,0,1,1.0,1e-05,0.0,17.9
1031,2025-03-16 00:00:00,2025,spring,bat.galim,out,1,Low complexity,iolr.macroalgae.diverse,A,1.9,shallow,32.830811,34.960314,22,150.0,Sarah.Ohayon,1.111111,no,0.09645056800209731,5,2,1.0,0.09645056800209731,5.0,16.625
1032,2025-03-16 00:00:00,2025,spring,bat.galim,out,1,Low complexity,iolr.macroalgae.diverse,B,1.9,shallow,32.830811,34.960314,22,150.0,Sarah.Ohayon,1.111111,no,0.00622242802365083,4,1,1.0,0.00622242802365083,4.0,12.313333
1033,2025-03-16 00:00:00,2025,spring,bat.galim,out,1,Low complexity,iolr.macroalgae.diverse,C,2,shallow,32.830811,34.960314,22,150.0,Sarah.Ohayon,1.111111,no,1e-05,0,1,1.0,1e-05,0.0,14.284615
1034,2025-03-16 00:00:00,2025,spring,bat.galim,out,1,Low complexity,iolr.macroalgae.diverse,D,2,shallow,32.830811,34.960314,22,150.0,Sarah.Ohayon,1.777778,no,1e-05,0,1,1.0,1e-05,0.0,13.542857
1035,2025-03-16 00:00:00,2025,spring,bat.galim,out,2,High complexity,curch.complex,A,1.5,shallow,32.831628,34.963678,22,150.0,Sarah.Ohayon,2.777778,no,1.8210959406972023,55,3,1.0,1.8210959406972023,55.0,1.0
1036,2025-03-16 00:00:00,2025,spring,bat.galim,out,2,High complexity,curch.complex,B,2,shallow,32.831628,34.963678,22,150.0,Sarah.Ohayon,2.777778,no,2.55685068833059,69,3,1.0,2.55685068833059,69.0,0.5
1037,2025-03-16 00:00:00,2025,spring,bat.galim,out,2,High complexity,curch.complex,C,2.1,shallow,32.831628,34.963678,22,150.0,Sarah.Ohayon,3.0,no,2.546460823382155,77,4,1.0,2.546460823382155,77.0,0.2
1038,2025-03-17 00:00:00,2025,spring,bat.galim,out,3,High complexity,papa.arches.complex,A,3.4,shallow,32.833734,34.96545,23,150.0,Sarah.Ohayon,2.888889,no,0.532310387490731,14,4,1.0,0.532310387490731,14.0,0.3
1039,2025-03-17 00:00:00,2025,spring,bat.galim,out,3,High complexity,papa.arches.complex,B,3.4,shallow,32.833734,34.96545,23,150.0,Sarah.Ohayon,2.777778,no,0.21698753832586312,6,3,1.0,0.21698753832586312,6.0,0.5
1040,2025-03-17 00:00:00,2025,spring,bat.galim,out,3,High complexity,papa.arches.complex,C,3.4,shallow,32.833734,34.96545,23,150.0,Sarah.Ohayon,3.0,no,1.0564624993666027,23,2,1.0,1.0564624993666027,23.0,1.0
1041,2025-03-17 00:00:00,2025,spring,bat.galim,out,3,High complexity,papa.arches.complex,D,3.4,shallow,32.833734,34.96545,23,150.0,Sarah.Ohayon,4.444444,no,1.9449576145868692,48,4,1.0,1.9449576145868692,48.0,0.5
1042,2025-03-17 00:00:00,2025,spring,bat.galim,out,4,Low complexity,surfers.bay.macroalgae,A,2.5,shallow,32.834016,34.967899,23,150.0,Sarah.Ohayon,1.0,no,1e-05,0,1,1.0,1e-05,0.0,14.217647
1043,2025-03-17 00:00:00,2025,spring,bat.galim,out,4,Low complexity,surfers.bay.macroalgae,B,2.5,shallow,32.834016,34.967899,23,150.0,Sarah.Ohayon,1.0,no,1e-05,0,1,1.0,1e-05,0.0,13.55
1044,2025-03-18 00:00:00,2025,spring,bat.galim,out,5,Low complexity,promenade.macroalgae,A,1.9,shallow,32.833754,34.973627,18,150.0,Sarah.Ohayon,1.0,no,1e-05,0,1,1.0,1e-05,0.0,20.3375
1045,2025-03-18 00:00:00,2025,spring,bat.galim,out,5,Low complexity,promenade.macroalgae,B,1.9,shallow,32.833754,34.973627,18,150.0,Sarah.Ohayon,1.0,no,0.001,6,1,1.0,0.001,6.0,19.177778
1046,2025-03-18 00:00:00,2025,spring,bat.galim,out,5,Low complexity,promenade.macroalgae,C,1.9,shallow,32.833754,34.973627,18,150.0,Sarah.Ohayon,1.0,no,0.001,1,1,1.0,0.001,1.0,18.466667
1047,2025-03-18 00:00:00,2025,spring,bat.galim,out,6,High complexity,promenade.complex,A,2.6,shallow,32.834911,34.973934,15,150.0,Sarah.Ohayon,3.0,no,1.6499053634372671,48,4,1.0,1.6499053634372671,48.0,2.0
1048,2025-03-18 00:00:00,2025,spring,bat.galim,out,6,High complexity,promenade.complex,B,3.2,shallow,32.834911,34.973934,15,150.0,Sarah.Ohayon,3.0,no,0.4809737381678317,14,4,1.0,0.4809737381678317,14.0,1.777778
1049,2025-03-18 00:00:00,2025,spring,bat.galim,out,6,High complexity,promenade.complex,C,3.2,shallow,32.834911,34.973934,15,150.0,Sarah.Ohayon,2.888889,no,1.1167542234350296,30,3,1.0,1.1167542234350296,30.0,2.0
1050,2025-04-22 00:00:00,2025,spring,bat.galim,out,1,Low complexity,iolr.macroalgae.diverse,A,3,shallow,32.830811,34.960314,20,150.0,Sarah.Ohayon,1.0,no,1e-05,0,1,1.0,1e-05,0.0,25.333333
1051,2025-05-11 00:00:00,2025,spring,bat.galim,out,1,Low complexity,iolr.macroalgae.diverse,A,2.5,shallow,32.830811,34.960314,18,150.0,Sarah.Ohayon,1.2,no,0.00484893500578793,2,1,1.0,0.00484893500578793,2.0,21.583333
1052,2025-05-11 00:00:00,2025,spring,bat.galim,out,1,Low complexity,iolr.macroalgae.diverse,B,2.5,shallow,32.830811,34.960314,18,150.0,Sarah.Ohayon,1.0,no,1e-05,0,1,1.0,1e-05,0.0,24.0
1053,2025-05-07 00:00:00,2025,spring,bat.galim,out,7,Low complexity,iolr.sargassum.forest,A,3.6,shallow,32.82887,34.95505,22,150.0,Shai.Zilberman,1.0,no,0.7552938220572168,5,4,1.0,0.7552938220572168,5.0,19.013333
1054,2025-05-07 00:00:00,2025,spring,bat.galim,out,7,Low complexity,iolr.sargassum.forest,B,3.8,shallow,32.82887,34.95505,22,150.0,Shai.Zilberman,1.0,no,0.7560723548256646,130,1,1.0,0.7560723548256646,130.0,16.088889
1055,2025-05-07 00:00:00,2025,spring,bat.galim,out,7,Low complexity,iolr.sargassum.forest,C,3.8,shallow,32.82887,34.95505,22,150.0,Shai.Zilberman,1.0,no,0.5242286094008852,133,3,1.0,0.5242286094008852,133.0,15.03125
1056,2025-05-07 00:00:00,2025,spring,bat.galim,out,8,High complexity,iolr.complex.reef,A,4.4,shallow,32.827694,34.953222,22,150.0,Sarah.Ohayon,3.222222,no,11.460371701344052,306,8,1.0,11.460371701344052,306.0,2.222222
1057,2025-05-07 00:00:00,2025,spring,bat.galim,out,8,High complexity,iolr.complex.reef,B,4.4,shallow,32.827694,34.953222,22,150.0,Sarah.Ohayon,3.666667,no,21.750214502539993,445,7,1.0,21.750214502539993,445.0,3.333333
1058,2025-05-07 00:00:00,2025,spring,bat.galim,out,8,High complexity,iolr.complex.reef,C,4.4,shallow,32.827694,34.953222,22,150.0,Sarah.Ohayon,3.0,no,17.785034438392508,464,8,1.0,17.785034438392508,464.0,2.222222
1059,2025-05-07 00:00:00,2025,spring,bat.galim,out,9,High complexity,surfers.bay.complex,A,5.6,shallow,32.836301,34.966416,15,150.0,Sarah.Ohayon,3.0,no,1.464021471220148,89,7,1.0,1.464021471220148,89.0,3.0
1060,2025-05-07 00:00:00,2025,spring,bat.galim,out,9,High complexity,surfers.bay.complex,B,5.8,shallow,32.836301,34.966416,15,150.0,Sarah.Ohayon,2.777778,no,0.25544460270889324,14,4,1.0,0.25544460270889324,14.0,2.555556
1061,2025-05-07 00:00:00,2025,spring,bat.galim,out,9,High complexity,surfers.bay.complex,C,5.6,shallow,32.836301,34.966416,15,150.0,Sarah.Ohayon,3.111111,no,1.779314978059886,34,8,1.0,1.779314978059886,34.0,2.444444
1062,2025-05-07 00:00:00,2025,spring,bat.galim,out,9,High complexity,surfers.bay.complex,D,5,shallow,32.836301,34.966416,15,150.0,Sarah.Ohayon,2.888889,yes,1.5584986449338905,94,5,1.0,1.5584986449338905,94.0,2.777778
1063,2025-05-07 00:00:00,2025,spring,bat.galim,out,4,Low complexity,surfers.bay.macroalgae,A,1.6,shallow,32.834016,34.967899,15,150.0,Shai.Zilberman,1.0,no,1e-05,0,1,1.0,1e-05,0.0,19.346667
1064,2025-05-07 00:00:00,2025,spring,bat.galim,out,4,Low complexity,surfers.bay.macroalgae,B,1.6,shallow,32.834016,34.967899,15,150.0,Shai.Zilberman,1.0,no,0.002424467502893965,1,1,1.0,0.002424467502893965,1.0,16.088889
1065,2025-05-07 00:00:00,2025,spring,bat.galim,out,4,Low complexity,surfers.bay.macroalgae,C,1.6,shallow,32.834016,34.967899,15,150.0,Shai.Zilberman,1.0,no,1e-05,0,1,1.0,1e-05,0.0,15.03125
1066,2025-05-26 00:00:00,2025,spring,bat.galim,out,10,Low complexity,island.sargassum,A,2.4,shallow,32.834039,34.970573,20,150.0,Sarah.Ohayon,1.0,no,0.00034393673836913676,1,1,1.0,0.00034393673836913676,1.0,23.428571
1067,2025-05-26 00:00:00,2025,spring,bat.galim,out,10,Low complexity,island.sargassum,B,2.4,shallow,32.834039,34.970573,20,150.0,Sarah.Ohayon,1.0,no,0.0009073984340202156,1,1,1.0,0.0009073984340202156,1.0,27.583333
1068,2025-05-26 00:00:00,2025,spring,bat.galim,out,5,Low complexity,promenade.macroalgae,A,1.6,shallow,32.833754,34.973627,15,150.0,Sarah.Ohayon,1.1,no,0.0018572047475724272,1,1,1.0,0.0018572047475724272,1.0,22.95
1069,2025-05-26 00:00:00,2025,spring,bat.galim,out,5,Low complexity,promenade.macroalgae,B,1.6,shallow,32.833754,34.973627,15,150.0,Sarah.Ohayon,1.2,no,0.060463496601224395,18,3,1.0,0.060463496601224395,18.0,22.0
