fid,filename,altitude,direction,longitude,latitude,timestamp,rvalue_1
1,P4290909,-20.5,331,34.961011666666664,32.82923666666667,2025-04-29T10:40:09.000,0.995360553264618
2,P4290910,-20.5,2,34.96100166666667,32.829253333333334,2025-04-29T10:40:56.000,0.890125334262848
3,P4290911,-20.5,345,34.961,32.829256666666666,2025-04-29T10:41:03.000,0.890125334262848
4,P4290912,-20.5,35,34.960998333333336,32.82926,2025-04-29T10:41:12.000,0.838958561420441
5,P4290913,-20.5,1,34.960995,32.82926166666667,2025-04-29T10:41:20.000,0.838958561420441
6,P4290914,-20.5,7,34.960993333333334,32.82926833333333,2025-04-29T10:41:35.000,0.791916370391846
7,P4290915,-20.5,48,34.960991666666665,32.82927,2025-04-29T10:41:42.000,0.744728207588196
8,P4290916,-20.5,16,34.96099,32.82927166666666,2025-04-29T10:41:46.000,0.744728207588196
9,P4290917,-20.5,6,34.96098833333333,32.82927333333333,2025-04-29T10:41:51.000,0.744728207588196
10,P4290918,-20.5,346,34.96098666666666,32.829276666666665,2025-04-29T10:41:58.000,0.728825271129608
11,P4290919,-20.5,5,34.960985,32.829278333333335,2025-04-29T10:42:06.000,0.728825271129608
12,P4290920,-20.5,6,34.96098333333333,32.82928166666667,2025-04-29T10:42:14.000,0.728825271129608
13,P4290921,-20.5,8,34.96098166666667,32.829285,2025-04-29T10:42:21.000,0.680442094802856
14,P4290922,-20.5,284,34.96097833333334,32.82929166666667,2025-04-29T10:42:43.000,0.659477531909943
15,P4290923,-20.5,357,34.960973333333335,32.829298333333334,2025-04-29T10:43:01.000,0.613463521003723
16,P4290924,-20.5,0,34.960973333333335,32.8293,2025-04-29T10:43:04.000,0.613463521003723
17,P4290925,-20.5,24,34.960971666666666,32.829301666666666,2025-04-29T10:43:10.000,0.613463521003723
18,P4290926,-20.5,9,34.96097,32.829305,2025-04-29T10:43:17.000,0.614645600318909
19,P4290927,-20.5,357,34.960966666666664,32.82931,2025-04-29T10:43:31.000,0.614645600318909
20,P4290928,-20.5,5,34.960966666666664,32.82931166666667,2025-04-29T10:43:36.000,0.614645600318909
21,P4290929,-20.5,358,34.960965,32.82931333333333,2025-04-29T10:43:39.000,0.616786122322083
22,P4290930,-20.5,357,34.96096333333333,32.829315,2025-04-29T10:43:45.000,0.616786122322083
23,P4290931,-18,18,34.96095833333333,32.829323333333335,2025-04-29T10:43:59.000,0.653490245342255
24,P4290932,-18,347,34.96095,32.82933333333333,2025-04-29T10:44:08.000,0.653417706489563
25,P4290933,-18,341,34.960945,32.82933833333333,2025-04-29T10:44:14.000,0.704482078552246
26,P4290934,-18,2,34.96094166666666,32.829341666666664,2025-04-29T10:44:17.000,0.731936037540436
27,P4290935,-18,352,34.96093833333333,32.829348333333336,2025-04-29T10:44:22.000,0.767045676708221
28,P4290936,-18,13,34.960928333333335,32.82935833333333,2025-04-29T10:44:32.000,0.755378603935242
29,P4290937,-18,1,34.960923333333334,32.829365,2025-04-29T10:44:39.000,0.839689910411835
30,P4290938,-18,359,34.96091666666667,32.82937166666667,2025-04-29T10:44:45.000,0.990980446338654
31,P4290939,-18,5,34.96091166666667,32.82937833333333,2025-04-29T10:44:51.000,0.961268246173859
32,P4290940,-18,19,34.96091,32.82938166666667,2025-04-29T10:44:54.000,0.961268246173859
33,P4290941,-18,351,34.96089666666666,32.82939666666667,2025-04-29T10:45:09.000,0.994238197803497
34,P4290942,-18,281,34.96088666666667,32.82940833333333,2025-04-29T10:45:20.000,1.12393748760223
35,P4290943,-18,282,34.960858333333334,32.82944333333333,2025-04-29T10:45:52.000,1.47708988189697
36,P4290944,-18,353,34.96084833333333,32.829455,2025-04-29T10:46:04.000,1.55328679084778
37,P4290945,-18,358,34.960831666666664,32.829475,2025-04-29T10:46:23.000,1.82245242595673
38,P4290946,-18,328,34.96082666666667,32.829481666666666,2025-04-29T10:46:29.000,1.83163785934448
39,P4290947,-18,349,34.96080666666667,32.829505,2025-04-29T10:46:51.000,1.94309294223785
40,P4290948,-18,331,34.9608,32.82951333333333,2025-04-29T10:46:59.000,2.10856127738953
41,P4290949,-18.5,1,34.96078333333333,32.829528333333336,2025-04-29T10:47:15.000,2.46227884292603
42,P4290950,-18.5,353,34.96077833333333,32.82953,2025-04-29T10:47:18.000,2.46227884292603
43,P4290951,-18.5,345,34.960765,32.829535,2025-04-29T10:47:25.000,2.34812617301941
44,P4290952,-18.5,14,34.96075166666667,32.82953833333333,2025-04-29T10:47:32.000,2.41748356819153
45,P4290953,-18.5,351,34.960745,32.82954,2025-04-29T10:47:36.000,2.35300350189209
46,P4290954,-18.5,333,34.96073166666667,32.829545,2025-04-29T10:47:43.000,2.22840285301208
47,P4290955,-18.5,295,34.96071166666667,32.82955,2025-04-29T10:47:54.000,2.20241856575012
48,P4290956,-18.5,347,34.96069166666667,32.82955666666667,2025-04-29T10:48:05.000,2.04983496665955
49,P4290957,-18.5,342,34.96066833333333,32.82956333333333,2025-04-29T10:48:18.000,1.55215764045715
50,P4290958,-18.5,344,34.960658333333335,32.829566666666665,2025-04-29T10:48:23.000,1.72285616397858
51,P4290959,-18.5,347,34.96064666666667,32.82957,2025-04-29T10:48:30.000,1.91763401031494
52,P4290960,-18.5,355,34.96061666666667,32.82958,2025-04-29T10:48:46.000,2.35869789123535
53,P4290961,-18.5,354,34.96059666666667,32.829585,2025-04-29T10:48:57.000,2.83493590354919
54,P4290962,-18.5,277,34.960568333333335,32.829595,2025-04-29T10:49:12.000,3.226731300354
55,P4290963,-18.5,346,34.960548333333335,32.8296,2025-04-29T10:49:23.000,2.91806578636169
56,P4290964,-18.5,346,34.96053,32.82960666666666,2025-04-29T10:49:33.000,2.46916532516479
57,P4290965,-18.5,285,34.960498333333334,32.829616666666666,2025-04-29T10:49:51.000,1.73806297779083
58,P4290966,-18.5,282,34.960476666666665,32.82962166666667,2025-04-29T10:50:02.000,1.30996811389923
59,P4290967,-18.5,3,34.96046333333334,32.82962666666667,2025-04-29T10:50:10.000,1.23662483692169
60,P4290968,-20,353,34.96043,32.82964,2025-04-29T10:50:30.000,1.31259858608246
61,P4290969,-20,11,34.960411666666666,32.82965166666666,2025-04-29T10:50:44.000,1.30367386341095
62,P4290970,-20,288,34.96039666666667,32.82966166666667,2025-04-29T10:50:55.000,1.28458225727081
63,P4290971,-20,0,34.960365,32.829681666666666,2025-04-29T10:51:19.000,1.04627299308777
64,P4290972,-20,6,34.96035166666667,32.82969,2025-04-29T10:51:29.000,1.01046764850616
65,P4290973,-20,1,34.96028666666667,32.82973166666667,2025-04-29T10:52:19.000,1.01143968105316
66,P4290974,-20,1,34.96027,32.82974166666666,2025-04-29T10:52:31.000,0.980002880096436
67,P4290975,-20,320,34.960251666666665,32.829753333333336,2025-04-29T10:52:45.000,0.814932286739349
68,P4290976,-19,14,34.96022,32.829773333333335,2025-04-29T10:53:09.000,0.9218670129776
69,P4290977,-19,30,34.96019666666667,32.829786666666664,2025-04-29T10:53:23.000,0.955501616001129
70,P4290978,-19,4,34.96015833333333,32.82980833333333,2025-04-29T10:53:47.000,0.977268099784851
71,P4290979,-19,292,34.960143333333335,32.829816666666666,2025-04-29T10:53:56.000,0.957494497299194
72,P4290980,-19,25,34.96012,32.82983,2025-04-29T10:54:11.000,0.837030470371246
73,P4290981,-19,359,34.960096666666665,32.829843333333336,2025-04-29T10:54:25.000,0.780564486980438
74,P4290982,-19,29,34.96008666666667,32.82985,2025-04-29T10:54:32.000,0.787620067596436
75,P4290983,-19,33,34.96007,32.82986,2025-04-29T10:54:42.000,0.8142991065979
76,P4290984,-18,38,34.96004166666667,32.829875,2025-04-29T10:55:00.000,0.750335097312927
77,P4290985,-18,30,34.960035,32.829876666666664,2025-04-29T10:55:05.000,0.776893258094788
78,P4290986,-18,325,34.96002166666667,32.829881666666665,2025-04-29T10:55:16.000,0.803583443164825
79,P4290987,-18,296,34.96001666666667,32.829883333333335,2025-04-29T10:55:20.000,0.848819732666016
80,P4290988,-18,0,34.959988333333335,32.82989166666667,2025-04-29T10:55:42.000,0.900633752346039
81,P4290989,-18,10,34.95997333333333,32.82989666666667,2025-04-29T10:55:54.000,1.05257785320282
82,P4290990,-18,356,34.959936666666664,32.829908333333336,2025-04-29T10:56:23.000,1.16151547431946
83,P4290991,-18,5,34.95993,32.82991166666667,2025-04-29T10:56:29.000,1.11180150508881
84,P4290992,-18,284,34.95991333333333,32.82991666666667,2025-04-29T10:56:42.000,1.13768672943115
85,P4290993,-18,8,34.959905,32.82992,2025-04-29T10:56:49.000,1.14545798301697
86,P4290994,-18,36,34.959871666666665,32.82993,2025-04-29T10:57:15.000,0.931145191192627
87,P4290995,-18,14,34.95986,32.829935,2025-04-29T10:57:24.000,0.937870681285858
88,P4290996,-18,299,34.95984333333333,32.82994,2025-04-29T10:57:38.000,0.878944635391235
89,P4290997,-18,330,34.95981833333333,32.829948333333334,2025-04-29T10:57:58.000,1.03318417072296
90,P4290998,-18,5,34.95980333333333,32.829953333333336,2025-04-29T10:58:10.000,1.08974802494049
91,P4290999,-18,311,34.95979833333333,32.829955,2025-04-29T10:58:13.000,1.08974802494049
92,P4291000,-18,312,34.95979666666667,32.829955,2025-04-29T10:58:15.000,1.08974802494049
93,P4291001,-18,17,34.959783333333334,32.82996,2025-04-29T10:58:26.000,1.22706973552704
94,P4291002,-18,316,34.95977166666667,32.82996333333333,2025-04-29T10:58:35.000,1.22834491729736
95,P4291003,-18,38,34.95974833333333,32.829971666666665,2025-04-29T10:58:54.000,1.18112432956696
96,P4291004,-18,308,34.959738333333334,32.829975,2025-04-29T10:59:02.000,1.18471729755402
97,P4291005,-17.5,341,34.959723333333336,32.82997833333334,2025-04-29T10:59:16.000,1.29383301734924
98,P4291006,-17.5,28,34.959718333333335,32.82998,2025-04-29T10:59:32.000,1.39003241062164
99,P4291007,-17.5,14,34.95971333333333,32.82998,2025-04-29T10:59:47.000,1.39003241062164
100,P4291008,-17.5,7,34.95970833333333,32.82998,2025-04-29T11:00:00.000,1.29266130924225
101,P4291009,-17.5,347,34.95970166666667,32.82998,2025-04-29T11:00:20.000,1.29266130924225
102,P4291010,-17.5,314,34.959698333333336,32.82998166666667,2025-04-29T11:00:34.000,1.29266130924225
103,P4291011,-17.5,280,34.959696666666666,32.82998166666667,2025-04-29T11:00:38.000,1.25351476669312
104,P4291012,-17.5,357,34.959693333333334,32.82998166666667,2025-04-29T11:00:48.000,1.25351476669312
105,P4291013,-16.5,98,34.95946333333333,32.83,2025-04-29T11:11:46.000,0.748912334442139
106,P4291014,-16.5,88,34.95946166666667,32.83,2025-04-29T11:11:50.000,0.740285277366638
107,P4291015,-16.5,55,34.95945833333333,32.83000166666667,2025-04-29T11:11:54.000,0.740285277366638
108,P4291016,-16.5,98,34.95945666666667,32.83000166666667,2025-04-29T11:12:00.000,0.740285277366638
109,P4291017,-16.5,134,34.959451666666666,32.83000166666667,2025-04-29T11:12:08.000,0.730621099472046
110,P4291018,-16.5,133,34.959451666666666,32.83000166666667,2025-04-29T11:12:10.000,0.730621099472046
111,P4291019,-16.5,81,34.959448333333334,32.83000166666667,2025-04-29T11:12:15.000,0.730621099472046
112,P4291020,-16.5,73,34.959446666666665,32.83000166666667,2025-04-29T11:12:18.000,0.730621099472046
113,P4291021,-16.5,93,34.959445,32.83000333333333,2025-04-29T11:12:23.000,0.737517714500427
114,P4291022,-16.5,234,34.95943,32.830005,2025-04-29T11:12:53.000,0.651188671588898
115,P4291023,-16.5,247,34.959428333333335,32.830005,2025-04-29T11:12:57.000,0.651188671588898
116,P4291024,-16.5,244,34.959428333333335,32.830005,2025-04-29T11:12:59.000,0.651188671588898
117,P4291025,-16.5,264,34.95942333333333,32.830005,2025-04-29T11:13:07.000,0.651188671588898
118,P4291026,-16.5,151,34.95941,32.83000666666667,2025-04-29T11:13:35.000,0.654983460903168
119,P4291027,-16.5,219,34.959408333333336,32.83000666666667,2025-04-29T11:13:39.000,0.631669700145721
120,P4291028,-16.5,97,34.95939666666666,32.83000833333333,2025-04-29T11:14:02.000,0.615130066871643
121,P4291029,-16.5,355,34.95937,32.830011666666664,2025-04-29T11:14:58.000,0.638983607292175
122,P4291030,-16.5,336,34.959361666666666,32.83001333333333,2025-04-29T11:15:15.000,0.636063992977142
123,P4291031,-16.5,326,34.959356666666665,32.83001333333333,2025-04-29T11:15:25.000,0.636063992977142
124,P4291032,-16.5,281,34.95935333333333,32.83001333333333,2025-04-29T11:15:32.000,0.629633605480194
125,P4291033,-16.5,261,34.95934,32.830015,2025-04-29T11:15:59.000,0.683786511421204
126,P4291034,-16.5,336,34.95933333333333,32.830016666666666,2025-04-29T11:16:11.000,0.711441993713379
127,P4291035,-16.5,307,34.959325,32.830016666666666,2025-04-29T11:16:30.000,0.711441993713379
128,P4291036,-16.5,332,34.95932,32.830018333333335,2025-04-29T11:16:41.000,0.734748840332031
129,P4291037,-18,7,34.95928333333333,32.83002333333334,2025-04-29T11:17:52.000,0.869112491607666
130,P4291038,-18,353,34.959266666666664,32.83002666666667,2025-04-29T11:18:02.000,0.840331017971039
131,P4291039,-18,24,34.959253333333336,32.83002833333333,2025-04-29T11:18:11.000,0.826184630393982
132,P4291040,-18,352,34.959225,32.830035,2025-04-29T11:18:29.000,0.766395807266235
133,P4291041,-18,347,34.9592,32.830041666666666,2025-04-29T11:18:46.000,0.699494361877441
134,P4291042,-18,293,34.95916666666667,32.83004833333333,2025-04-29T11:19:07.000,0.673471808433533
135,P4291043,-18,27,34.95912166666667,32.830058333333334,2025-04-29T11:19:36.000,0.556801319122314
136,P4291044,-18,346,34.95907666666667,32.83006666666667,2025-04-29T11:20:05.000,0.670175135135651
137,P4291045,-18,8,34.959048333333335,32.83007333333333,2025-04-29T11:20:24.000,0.762308120727539
138,P4291046,-18,343,34.95898,32.830088333333336,2025-04-29T11:21:08.000,1.1600775718689
139,P4291047,-19.5,280,34.95896166666667,32.83009,2025-04-29T11:21:20.000,1.17072749137878
140,P4291048,-19.5,294,34.958933333333334,32.83009333333333,2025-04-29T11:21:38.000,1.06433916091919
141,P4291049,-19.5,293,34.958931666666665,32.83009333333333,2025-04-29T11:21:39.000,1.06433916091919
142,P4291050,-19.5,358,34.95891666666667,32.830095,2025-04-29T11:21:49.000,1.17991006374359
143,P4291051,-19.5,187,34.958886666666665,32.83009833333333,2025-04-29T11:22:09.000,1.11435556411743
144,P4291052,-19.5,10,34.958866666666665,32.8301,2025-04-29T11:22:22.000,1.05824458599091
145,P4291053,-19.5,30,34.95885833333333,32.830101666666664,2025-04-29T11:22:27.000,0.955199480056763
146,P4291054,-19.5,305,34.95885666666667,32.830101666666664,2025-04-29T11:22:29.000,0.955199480056763
147,P4291055,-19.5,315,34.95885333333333,32.830101666666664,2025-04-29T11:22:31.000,1.00517547130585
148,P4291056,-19.5,13,34.95885,32.830101666666664,2025-04-29T11:22:33.000,1.00517547130585
149,P4291057,-19.5,109,34.958846666666666,32.830103333333334,2025-04-29T11:22:35.000,1.00517547130585
150,P4291058,-19.5,12,34.95881333333333,32.830106666666666,2025-04-29T11:22:57.000,1.08629143238068
151,P4291059,-19.5,17,34.958805,32.830106666666666,2025-04-29T11:23:02.000,1.10778915882111
152,P4291060,-19.5,285,34.95878166666667,32.83011,2025-04-29T11:23:18.000,1.24750328063965
153,P4291061,-19.5,327,34.95876,32.83011166666667,2025-04-29T11:23:32.000,1.34504127502441
154,P4291062,-19.5,274,34.95874,32.83011333333334,2025-04-29T11:23:45.000,1.33961391448975
155,P4291063,-19.5,357,34.958725,32.830115,2025-04-29T11:23:55.000,1.17311012744904
156,P4291064,-19.5,321,34.9587,32.83011833333333,2025-04-29T11:24:11.000,0.999221682548523
157,P4291065,-19.5,235,34.958686666666665,32.83012,2025-04-29T11:24:20.000,0.977775871753693
158,P4291066,-18,25,34.958663333333334,32.83012,2025-04-29T11:24:35.000,0.957491219043732
159,P4291067,-18,342,34.95862833333333,32.83012,2025-04-29T11:24:54.000,1.06381475925446
160,P4291068,-18,337,34.958571666666664,32.83011666666667,2025-04-29T11:25:26.000,1.23733532428741
161,P4291069,-18,259,34.95856166666667,32.83011666666667,2025-04-29T11:25:32.000,1.23482203483582
162,P4291070,-18,317,34.95854833333333,32.83011666666667,2025-04-29T11:25:39.000,1.15192759037018
163,P4291071,-18,329,34.958506666666665,32.830115,2025-04-29T11:26:03.000,1.08913636207581
164,P4291072,-18,332,34.95847833333333,32.83011333333334,2025-04-29T11:26:19.000,1.3340151309967
165,P4291073,-18,22,34.95846,32.83011166666667,2025-04-29T11:26:29.000,1.31393802165985
166,P4291074,-18,30,34.95844833333334,32.83011166666667,2025-04-29T11:26:35.000,1.35219490528107
167,P4291075,-18,291,34.958331666666666,32.830106666666666,2025-04-29T11:27:41.000,1.19523227214813
168,P4291076,-18,290,34.958328333333334,32.830106666666666,2025-04-29T11:27:43.000,1.18025040626526
169,P4291077,-18,287,34.958326666666665,32.830106666666666,2025-04-29T11:27:44.000,1.18025040626526
170,P4291078,-18,9,34.958301666666664,32.830106666666666,2025-04-29T11:27:58.000,1.31192481517792
171,P4291079,-18,356,34.95829666666667,32.830105,2025-04-29T11:28:00.000,1.26617908477783
172,P4291080,-18,10,34.95827833333333,32.830105,2025-04-29T11:28:11.000,1.21832621097565
173,P4291081,-18,18,34.95827666666667,32.830105,2025-04-29T11:28:12.000,1.2434709072113
174,P4291082,-18,27,34.95827333333333,32.830105,2025-04-29T11:28:14.000,1.2434709072113
175,P4291083,-18,24,34.958263333333335,32.830105,2025-04-29T11:28:19.000,1.28381550312042
176,P4291084,-12.5,354,34.95822666666667,32.830103333333334,2025-04-29T11:28:40.000,1.34478318691254
177,P4291085,-12.5,303,34.958225,32.830106666666666,2025-04-29T11:28:44.000,1.34478318691254
178,P4291086,-12.5,310,34.958223333333336,32.830108333333335,2025-04-29T11:28:46.000,1.34471619129181
179,P4291087,-12.5,287,34.95822166666667,32.83011,2025-04-29T11:28:48.000,1.3864563703537
180,P4291088,-12.5,359,34.958216666666665,32.830115,2025-04-29T11:28:55.000,1.3864563703537
181,P4291089,-12.5,26,34.9582,32.83013666666667,2025-04-29T11:29:21.000,1.34132063388824
182,P4291090,-12.5,63,34.95819,32.830148333333334,2025-04-29T11:29:36.000,1.35819923877716
183,P4291091,-12.5,333,34.95809166666667,32.830268333333336,2025-04-29T11:32:06.000,0.953498721122742
184,P4291092,-12.5,42,34.958085,32.830275,2025-04-29T11:32:14.000,0.899486601352692
185,P4291093,-12.5,271,34.95808,32.83028,2025-04-29T11:32:22.000,0.818381726741791
186,P4291094,-12.5,88,34.95807833333333,32.830283333333334,2025-04-29T11:32:26.000,0.818381726741791
187,P4291095,-12.5,15,34.958063333333335,32.830301666666664,2025-04-29T11:32:48.000,0.77292388677597
188,P4291096,-12.5,44,34.95805,32.83031833333333,2025-04-29T11:33:09.000,0.6681889295578
189,P4291097,-12.5,89,34.95804166666667,32.830328333333334,2025-04-29T11:33:21.000,0.646110534667969
190,P4291098,-12.5,31,34.958035,32.83033666666667,2025-04-29T11:33:32.000,0.624018907546997
191,P4291099,-9.5,292,34.95801,32.830358333333336,2025-04-29T11:33:59.000,0.669749200344086
192,P4291100,-9.5,337,34.957993333333334,32.83037,2025-04-29T11:34:13.000,0.927130699157715
193,P4291101,-9.5,14,34.95793833333333,32.830405,2025-04-29T11:34:56.000,1.43126714229584
194,P4291102,-9.5,241,34.957925,32.830415,2025-04-29T11:35:07.000,1.64734828472137
195,P4291103,-9.5,304,34.95791166666667,32.830421666666666,2025-04-29T11:35:17.000,1.78008151054382
196,P4291104,-9.5,277,34.957895,32.83043333333333,2025-04-29T11:35:30.000,1.73728156089783
197,P4291105,-9.5,37,34.95786666666667,32.83045166666667,2025-04-29T11:35:53.000,1.35292875766754
198,P4291106,-9.5,52,34.957856666666665,32.83045833333333,2025-04-29T11:36:01.000,1.29982149600983
199,P4291107,-9.5,301,34.95784333333334,32.830466666666666,2025-04-29T11:36:11.000,1.16336309909821
200,P4291108,-9.5,28,34.95779666666667,32.83049833333333,2025-04-29T11:36:49.000,1.10167992115021
201,P4291109,-13,7,34.95769333333333,32.83056833333333,2025-04-29T11:38:15.000,1.28309619426727
202,P4291110,-13,301,34.95769,32.830573333333334,2025-04-29T11:38:23.000,1.28309619426727
203,P4291111,-13,289,34.95768666666667,32.83058333333334,2025-04-29T11:38:37.000,1.24782609939575
204,P4291112,-13,283,34.957681666666666,32.83059333333333,2025-04-29T11:38:53.000,1.27370142936707
205,P4291113,-13,314,34.957676666666664,32.830603333333336,2025-04-29T11:39:08.000,1.26382732391357
206,P4291114,-13,355,34.95767166666667,32.830615,2025-04-29T11:39:25.000,1.22249436378479
207,P4291115,-13,335,34.957663333333336,32.830635,2025-04-29T11:39:55.000,1.05001497268677
208,P4291116,-13,321,34.957658333333335,32.830645,2025-04-29T11:40:10.000,1.04025828838348
209,P4291117,-13,323,34.957656666666665,32.83065,2025-04-29T11:40:18.000,1.02609241008759
210,P4291118,-13,331,34.957656666666665,32.83065166666667,2025-04-29T11:40:21.000,1.02609241008759
211,P4291119,-13,11,34.957655,32.83065666666667,2025-04-29T11:40:27.000,1.06798553466797
212,P4291120,-13,151,34.95765,32.830665,2025-04-29T11:40:40.000,1.11177170276642
213,P4291121,-13,12,34.957645,32.83067666666667,2025-04-29T11:40:58.000,1.20958065986633
214,P4291122,-13,84,34.957645,32.83067833333333,2025-04-29T11:41:01.000,1.20958065986633
215,P4291123,-13,22,34.95764166666667,32.830686666666665,2025-04-29T11:41:13.000,1.23803794384003
216,P4291124,-13,58,34.957638333333335,32.830693333333336,2025-04-29T11:41:22.000,1.23803794384003
217,P4291125,-13,64,34.957636666666666,32.83069666666667,2025-04-29T11:41:28.000,1.28625917434692
218,P4291126,-13,54,34.957635,32.83069833333333,2025-04-29T11:41:31.000,1.28625917434692
219,P4291127,-13,79,34.95762666666667,32.83072166666667,2025-04-29T11:42:04.000,1.28634083271027
220,P4291128,-13,141,34.95762333333333,32.83072666666666,2025-04-29T11:42:13.000,1.38852655887604
221,P4291129,-13,7,34.95761666666667,32.83074166666667,2025-04-29T11:42:36.000,1.30066812038422
222,P4291130,-13,88,34.957611666666665,32.830755,2025-04-29T11:42:54.000,1.256920337677
223,P4291131,-14.5,344,34.95760166666667,32.830775,2025-04-29T11:43:17.000,0.983954071998596
224,P4291132,-14.5,295,34.9576,32.830778333333335,2025-04-29T11:43:19.000,0.983954071998596
225,P4291133,-14.5,228,34.95759,32.83079333333333,2025-04-29T11:43:27.000,0.913025975227356
226,P4291134,-14.5,0,34.957555,32.83085333333333,2025-04-29T11:43:59.000,1.71258687973022
227,P4291135,-14.5,249,34.957515,32.83091833333334,2025-04-29T11:44:34.000,2.94710373878479
228,P4291136,-14.5,318,34.957505,32.830935,2025-04-29T11:44:43.000,3.23597383499146
229,P4291137,-14.5,233,34.957503333333335,32.830938333333336,2025-04-29T11:44:45.000,3.37655067443848
230,P4291138,-14.5,285,34.9575,32.83094166666667,2025-04-29T11:44:47.000,3.37655067443848
231,P4291139,-14.5,352,34.95748666666667,32.83096333333334,2025-04-29T11:44:59.000,3.20996356010437
232,P4291140,-15,20,34.957505,32.83097166666667,2025-04-29T11:45:09.000,3.20384812355042
233,P4291141,-15,206,34.95751666666666,32.830976666666665,2025-04-29T11:45:15.000,3.23776149749756
234,P4291142,-13.5,280,34.95835,32.831091666666666,2025-04-29T11:50:11.000,0.696900904178619
235,P4291143,-13.5,94,34.958378333333336,32.831093333333335,2025-04-29T11:50:18.000,0.681171834468842
236,P4291144,-13.5,164,34.958395,32.831095,2025-04-29T11:50:22.000,0.679811418056488
237,P4291145,-13.5,33,34.958443333333335,32.8311,2025-04-29T11:50:34.000,0.835306704044342
238,P4291146,-13.5,95,34.958483333333334,32.83110333333333,2025-04-29T11:50:44.000,1.04500424861908
239,P4291147,-14,116,34.95883333333333,32.831015,2025-04-29T11:52:41.000,1.30791044235229
240,P4291148,-14,32,34.95885333333333,32.83101333333333,2025-04-29T11:52:49.000,1.37591278553009
241,P4291149,-14,95,34.958931666666665,32.83100666666667,2025-04-29T11:53:19.000,1.17608451843262
242,P4291150,-14,123,34.958976666666665,32.831003333333335,2025-04-29T11:53:36.000,1.05629634857178
243,P4291151,-14,120,34.95900833333334,32.831,2025-04-29T11:53:48.000,0.999876379966736
244,P4291152,-14,79,34.959023333333334,32.831,2025-04-29T11:53:54.000,1.02981340885162
245,P4291153,-15.5,178,34.959046666666666,32.830996666666664,2025-04-29T11:54:02.000,0.916420578956604
246,P4291154,-15.5,91,34.959073333333336,32.83099333333333,2025-04-29T11:54:11.000,0.943774521350861
247,P4291155,-15.5,118,34.95912666666667,32.83098833333333,2025-04-29T11:54:29.000,0.70721036195755
248,P4291156,-15.5,8,34.95923,32.830978333333334,2025-04-29T11:55:04.000,1.2422194480896
249,P4291157,-20,84,34.959286666666664,32.83097333333333,2025-04-29T11:55:22.000,1.07630348205566
250,P4291158,-20,72,34.95939333333333,32.83098,2025-04-29T11:55:48.000,0.917328715324402
251,P4291159,-20,108,34.959425,32.830983333333336,2025-04-29T11:55:56.000,1.05377233028412
252,P4291160,-20,70,34.95948166666667,32.83098666666667,2025-04-29T11:56:10.000,1.42282128334045
253,P4291161,-20,90,34.959556666666664,32.83097333333333,2025-04-29T11:56:31.000,1.68376302719116
254,P4291162,-20,260,34.959595,32.830965,2025-04-29T11:56:42.000,1.60115790367126
255,P4291163,-20,104,34.95961166666667,32.83096,2025-04-29T11:56:47.000,1.67441034317017
256,P4291164,-20,78,34.959691666666664,32.83094333333333,2025-04-29T11:57:10.000,1.43693542480469
257,P4291165,-17.5,19,34.959725,32.83095333333333,2025-04-29T11:57:20.000,1.10599267482758
258,P4291166,-17.5,41,34.95975166666667,32.83096333333334,2025-04-29T11:57:28.000,0.867789506912231
259,P4291167,-17.5,16,34.959781666666665,32.830976666666665,2025-04-29T11:57:37.000,0.766324877738953
260,P4291168,-17.5,80,34.959801666666664,32.830985,2025-04-29T11:57:43.000,0.717994391918182
261,P4291169,-17.5,47,34.95982166666667,32.83099166666667,2025-04-29T11:57:49.000,0.776878893375397
262,P4291170,-17.5,53,34.95984833333333,32.831003333333335,2025-04-29T11:57:57.000,0.920417249202728
263,P4291171,-15.5,144,34.95989333333333,32.831021666666665,2025-04-29T11:58:11.000,1.10311603546143
264,P4291172,-15.5,3,34.959925,32.831025,2025-04-29T11:58:22.000,1.09583926200867
265,P4291173,-15.5,41,34.96008333333333,32.831041666666664,2025-04-29T11:59:17.000,0.775956451892853
266,P4291174,-15.5,53,34.960118333333334,32.831045,2025-04-29T11:59:29.000,1.00654435157776
267,P4291175,-15.5,98,34.96015833333333,32.831048333333335,2025-04-29T11:59:43.000,1.19303441047668
268,P4291176,-15.5,121,34.96017166666667,32.83105,2025-04-29T11:59:48.000,1.18391764163971
269,P4291177,-14,115,34.960233333333335,32.83106166666666,2025-04-29T12:00:07.000,0.81842052936554
270,P4291178,-14,31,34.960315,32.83108333333333,2025-04-29T12:00:29.000,0.579187035560608
271,P4291179,-14,112,34.960325,32.831086666666664,2025-04-29T12:00:32.000,0.579187035560608
272,P4291180,-14,59,34.96042833333333,32.831115,2025-04-29T12:01:00.000,0.542929232120514
273,P4291181,-14,84,34.960465,32.83112833333333,2025-04-29T12:01:10.000,0.646408557891846
274,P4291182,-14,60,34.96049,32.831136666666666,2025-04-29T12:01:17.000,0.680810987949371
275,P4291183,-14,94,34.96052666666667,32.83114833333333,2025-04-29T12:01:27.000,0.679309606552124
276,P4291184,-14,24,34.960613333333335,32.831178333333334,2025-04-29T12:01:51.000,0.629762947559357
277,P4291185,-14.5,326,34.96066,32.831195,2025-04-29T12:02:04.000,0.692434310913086
278,P4291186,-14.5,244,34.96069166666667,32.831208333333336,2025-04-29T12:02:14.000,0.663447260856628
279,P4291187,-14.5,334,34.960701666666665,32.83121166666667,2025-04-29T12:02:17.000,0.638571560382843
280,P4291188,-14.5,34,34.96075666666667,32.83123666666667,2025-04-29T12:02:34.000,0.631958425045013
281,P4291189,-14.5,47,34.960856666666665,32.83127833333333,2025-04-29T12:03:05.000,0.864676594734192
282,P4291190,-14.5,86,34.960875,32.831286666666664,2025-04-29T12:03:11.000,0.812492430210114
283,P4291191,-14.5,101,34.960928333333335,32.83130666666667,2025-04-29T12:03:24.000,0.715929687023163
284,P4291192,-14.5,132,34.96098166666667,32.83132666666667,2025-04-29T12:03:37.000,0.718149721622467
285,P4291193,-13.5,92,34.96111666666667,32.831381666666665,2025-04-29T12:04:27.000,0.432359009981155
286,P4291194,-13.5,260,34.96112333333333,32.83138666666667,2025-04-29T12:04:36.000,0.443258076906204
287,P4291195,-13.5,308,34.96113166666667,32.83139333333333,2025-04-29T12:04:47.000,0.437881827354431
288,P4291196,-13.5,307,34.96115,32.831406666666666,2025-04-29T12:05:11.000,0.459059655666351
