fid,filename,altitude,direction,longitude,latitude,timestamp,algea_type,height_cm,Eaten_whole,rvalue_1,HubDist
1,P4190068,25,342,34.96976667,32.83116,2025-04-19T09:21:48.000,,,,,52.73454073
2,P4190069,92,309,34.96932833,32.83170333,2025-04-19T09:27:09.000,Turf,2.5,,3.995874405,20.17146664
3,P4190070,92,327,34.96923,32.83179333,2025-04-19T09:27:49.000,Turf,4,,1.251473546,33.66856479
4,P4190071,94,342,34.969205,32.83181167,2025-04-19T09:28:03.000,Turf,4.4,,1.199517488,36.71491915
5,P4190074,94,343,34.96914667,32.83185833,2025-04-19T09:28:39.000,Gongolaria,1.5,Eaten,1.588391542,44.18170368
6,P4190075,94,39,34.96911667,32.83188,2025-04-19T09:28:57.000,Gongolaria,1.8,Eaten,1.638915062,47.83258076
7,P4190076,92.5,74,34.96897,32.83200167,2025-04-19T09:30:33.000,Gongolaria,1.3,Eaten,1.705314517,67.03840028
8,P4190077,92.5,41,34.96896,32.83201167,2025-04-19T09:30:40.000,Gongolaria,1.1,Eaten,1.786565542,68.48895627
9,P4190078,87.5,91,34.96883167,32.83213667,2025-04-19T09:33:05.000,Gongolaria,3.1,Eaten,1.734289646,86.83124037
10,P4190079,87.5,87,34.96882333,32.83214667,2025-04-19T09:33:18.000,Gongolaria,1.2,Eaten,1.795663834,88.1780285
11,P4190080,87.5,297,34.96880667,32.83216167,2025-04-19T09:33:40.000,Gongolaria,3.2,Eaten,1.620750546,90.45823915
12,P4190081,48,357,34.968755,32.832215,2025-04-19T09:35:09.000,Gongolaria,3,Eaten,2.921168566,98.09254292
13,P4190082,48,258,34.96873833,32.83223,2025-04-19T09:35:42.000,Gongolaria,4,Eaten,3.290020466,100.3725888
14,P4190083,48,275,34.968735,32.83223333,2025-04-19T09:35:49.000,Gongolaria,2.9,Eaten,3.311304569,100.8562334
15,P4190084,48,52,34.96871667,32.83225167,2025-04-19T09:36:28.000,Gongolaria,3.3,Eaten,2.826626301,103.5163048
16,P4190085,48,59,34.96871167,32.83225667,2025-04-19T09:36:39.000,,,,2.565041304,104.2417861
17,P4190087,48,119,34.96870333,32.83226333,2025-04-19T09:36:56.000,,,,2.147841215,105.3126949
18,P4190088,48,75,34.96869,32.83227667,2025-04-19T09:37:23.000,Gongolaria,3.8,Eaten,1.783407927,107.2472843
19,P4190089,48,74,34.96867,32.832295,2025-04-19T09:38:05.000,Gongolaria,4.4,Eaten,1.557469964,110.0109782
20,P4190090,48,60,34.968665,32.83230167,2025-04-19T09:38:18.000,Gongolaria,3.1,Eaten,1.557469964,110.8746967
21,P4190091,48,89,34.96865333,32.83231167,2025-04-19T09:38:41.000,Gongolaria,4.5,Eaten,1.461035252,112.4292172
22,P4190092,11,72,34.968635,32.83233667,2025-04-19T09:39:40.000,Gongolaria,4.5,Eaten,1.146582484,115.6435543
23,P4190093,11,70,34.96863333,32.83233833,2025-04-19T09:39:47.000,Gongolaria,4.1,Eaten,1.078412294,115.885406
24,P4190094,11,341,34.96863333,32.83234333,2025-04-19T09:40:00.000,,,,1.078412294,116.302452
25,P4190095,11,36,34.96863167,32.83235167,2025-04-19T09:40:26.000,Gongolaria,5.5,Eaten,1.01853919,117.1021718
26,P4190096,11,52,34.96862833,32.83236833,2025-04-19T09:41:13.000,Gongolaria,3.9,Eaten,0.892560184,118.7076491
27,P4190097,11,326,34.968625,32.83238167,2025-04-19T09:41:51.000,Gongolaria,4.2,Eaten,0.839518547,120.0378309
28,P4190098,11,68,34.968625,32.83238333,2025-04-19T09:41:56.000,Gongolaria,5.1,Eaten,0.823530197,120.1793107
29,P4190099,11,166,34.96862,32.83240833,2025-04-19T09:43:07.000,Gongolaria,7.5,Eaten,0.812419772,122.6117494
30,P4190100,11,229,34.96861667,32.83241833,2025-04-19T09:43:36.000,Gongolaria,13.6,Semi,0.806256533,123.6680052
31,P4190101,11,88,34.96861667,32.83242333,2025-04-19T09:43:50.000,Gongolaria,9,Semi,0.811116755,124.0985408
32,P4190102,11,93,34.96861667,32.83242333,2025-04-19T09:43:51.000,Gongolaria,10.9,Semi,0.811116755,124.0985408
33,P4190103,11,104,34.968615,32.83242833,2025-04-19T09:44:02.000,Gongolaria,16,Semi,0.805444777,124.6279482
34,P4190104,11,157,34.96861167,32.83244167,2025-04-19T09:44:41.000,Gongolaria,8.5,Semi,0.826202214,125.9768159
35,P4190105,11,157,34.96860833,32.83246,2025-04-19T09:45:33.000,Gongolaria,11,Semi,0.846788347,127.7651778
36,P4190106,11,195,34.96860667,32.83247333,2025-04-19T09:46:10.000,Gongolaria,10.7,Semi,0.797628582,129.0273859
37,P4190107,11,213,34.968605,32.83247333,2025-04-19T09:46:14.000,Gongolaria,7.2,Semi,0.797628582,129.1229991
38,P4190108,11,194,34.968605,32.83247667,2025-04-19T09:46:19.000,Gongolaria,7.3,Semi,0.797628582,129.415243
39,P4190109,11,221,34.968605,32.83247667,2025-04-19T09:46:22.000,Gongolaria,5,Semi,0.797628582,129.415243
40,P4190110,11,82,34.96860333,32.832485,2025-04-19T09:46:47.000,Gongolaria,6.8,Semi,0.78584218,130.2425534
41,P4190111,11,76,34.96860333,32.83248833,2025-04-19T09:46:53.000,Gongolaria,6,Semi,0.78584218,130.5359549
42,P4190112,11,20,34.96860167,32.83249667,2025-04-19T09:47:18.000,Gongolaria,6.2,Semi,0.755817115,131.3654952
43,P4190113,11,32,34.9686,32.83249833,2025-04-19T09:47:24.000,Gongolaria,6.6,Semi,0.755817115,131.6070764
44,P4190114,7.5,64,34.96859167,32.83251833,2025-04-19T09:48:06.000,Gongolaria,14,Semi,0.633162796,133.8470495
45,P4190115,7.5,84,34.96858167,32.83253667,2025-04-19T09:48:37.000,Gongolaria,12.5,Semi,0.563646555,136.0357438
46,P4190116,7.5,102,34.96857833,32.83254333,2025-04-19T09:48:48.000,Gongolaria,12.2,Semi,0.563646555,136.8150949
47,P4190117,7.5,82,34.96856667,32.832565,2025-04-19T09:49:23.000,Gongolaria,11,Semi,0.588315308,139.3961074
48,P4190118,7.5,94,34.96855667,32.83258333,2025-04-19T09:49:54.000,Gongolaria,12.7,Semi,0.703080297,141.5888202
49,P4190119,7.5,83,34.968555,32.832585,2025-04-19T09:49:57.000,Gongolaria,7.6,Semi,0.750809133,141.8301493
50,P4190120,7.5,80,34.96855,32.832595,2025-04-19T09:50:14.000,Gongolaria,9.9,Semi,0.75144285,143.0016469
51,P4190121,7.5,95,34.96854667,32.8326,2025-04-19T09:50:23.000,Gongolaria,9.4,Semi,0.73639518,143.6335523
52,P4190122,7.5,42,34.96854,32.83261,2025-04-19T09:50:41.000,Gongolaria,6.3,Semi,0.747992933,144.8974786
53,P4190123,7.5,244,34.96853167,32.83262667,2025-04-19T09:51:09.000,Gongolaria,14.5,Semi,0.671777844,146.8518408
54,P4190124,7.5,290,34.96852333,32.83264167,2025-04-19T09:51:34.000,Gongolaria,15.1,Semi,0.66580832,148.6574997
55,P4190125,7.5,21,34.96852167,32.832645,2025-04-19T09:51:39.000,Gongolaria,10,Semi,0.688087344,149.0487453
56,P4190126,7.5,88,34.968515,32.83265667,2025-04-19T09:51:59.000,Gongolaria,,Semi,0.637283862,150.4639275
57,P4190127,7.5,87,34.96851333,32.83265833,2025-04-19T09:52:01.000,Gongolaria,,Semi,0.637283862,150.7050587
58,P4190128,7.5,191,34.96851167,32.83266167,2025-04-19T09:52:08.000,Gongolaria,11,Semi,0.635050297,151.0964915
59,P4190129,5,92,34.96847333,32.83275,2025-04-19T09:52:53.000,Gongolaria,13,Semi,0.830399215,161.1763726
60,P4190130,5,74,34.96844167,32.83287333,2025-04-19T09:53:52.000,Gongolaria,9.9,Semi,0.780753434,174.2013185
61,P4190131,5,77,34.968455,32.83292667,2025-04-19T09:54:33.000,Gongolaria,14,Whole,1.033089638,178.5448948
62,P4190132,5,91,34.96846833,32.83298333,2025-04-19T09:55:18.000,Gongolaria,13.1,Whole,1.308693528,183.3047877
63,P4190133,4.5,71,34.96847333,32.833025,2025-04-19T09:55:53.000,Gongolaria,12.5,Whole,0.949720263,187.0870731
64,P4190134,4.5,281,34.96846167,32.83304,2025-04-19T09:56:13.000,Gongolaria,,,0.996043444,189.072346
65,P4190135,4.5,273,34.968455,32.83304833,2025-04-19T09:56:25.000,Gongolaria,,,1.041802406,190.183816
66,P4190136,4.5,247,34.96845333,32.83305167,2025-04-19T09:56:28.000,Gongolaria,,,1.114768028,190.5825309
67,P4190137,4.5,31,34.96843167,32.83307833,2025-04-19T09:57:04.000,Gongolaria,13.3,Whole,1.199868917,194.1547884
68,P4190138,4.5,37,34.96839667,32.833125,2025-04-19T09:58:07.000,Gongolaria,12.8,Whole,1.01184988,200.2727595
69,P4190139,4.5,32,34.96839167,32.83313,2025-04-19T09:58:14.000,Gongolaria,12,Whole,1.00595665,200.9859876
70,P4190140,4.5,58,34.968365,32.83316333,2025-04-19T09:59:00.000,Gongolaria,15.8,Whole,0.738060176,205.4335449
71,P4190141,4.5,15,34.96835667,32.83320333,2025-04-19T09:59:32.000,Gongolaria,13,Whole,0.57059586,209.6801708
72,P4190142,4.5,61,34.968355,32.83325,2025-04-19T10:00:02.000,Gongolaria,12.7,Whole,1.040057898,214.2857903
73,P4190143,4.5,74,34.96835,32.83331167,2025-04-19T10:00:42.000,Gongolaria,16.3,Whole,1.415330648,220.5330056
74,P4190144,5,55,34.96834333,32.83336167,2025-04-19T10:01:25.000,Gongolaria,13.9,Whole,1.784130096,225.7364525
75,P4190145,5,52,34.968335,32.83337833,2025-04-19T10:01:54.000,Gongolaria,16,Whole,1.794733524,227.7367438
76,P4190146,5,65,34.968325,32.83339667,2025-04-19T10:02:29.000,Gongolaria,19.6,Whole,1.96826911,229.9729271
77,P4190147,5,336,34.96831667,32.83341333,2025-04-19T10:02:57.000,Gongolaria,,Whole,1.437261224,231.9733889
78,P4190148,5,63,34.96831333,32.83341833,2025-04-19T10:03:07.000,Gongolaria,17,Whole,1.437261224,232.6092507
79,P4190149,5,54,34.96829833,32.833445,2025-04-19T10:03:56.000,Gongolaria,15.5,Whole,1.151658416,235.8814965
80,P4190151,5,96,34.96828667,32.83346667,2025-04-19T10:04:35.000,Gongolaria,20.5,Whole,0.877358794,238.5179469
81,P4190152,5,88,34.96828667,32.83346833,2025-04-19T10:04:37.000,Gongolaria,20.5,Whole,0.877358794,238.6823803
82,P4190153,5,43,34.96827167,32.83349333,2025-04-19T10:05:23.000,Gongolaria,16,Whole,0.773231745,241.7902918
83,P4190154,5,213,34.96826333,32.83350833,2025-04-19T10:05:51.000,Gongolaria,22.5,Whole,0.77760756,243.6265542
84,P4190155,5,216,34.96826333,32.83351,2025-04-19T10:05:53.000,Gongolaria,22.5,Whole,0.779313087,243.7910453
85,P4190156,1.5,305,34.96825833,32.83352333,2025-04-19T10:06:22.000,Gongolaria,19.5,Whole,0.769080579,245.3206713
86,P4190157,1.5,55,34.96826333,32.83354667,2025-04-19T10:07:28.000,Gongolaria,23,Whole,0.838160694,247.4171179
87,P4190158,1.5,49,34.968265,32.83354667,2025-04-19T10:07:30.000,Gongolaria,23.4,Whole,0.78684479,247.3470516
88,P4190159,1.5,45,34.96826667,32.83356,2025-04-19T10:08:04.000,Gongolaria,23.2,Whole,0.759082794,248.5997567
89,P4190160,1.5,76,34.96827,32.83357333,2025-04-19T10:08:44.000,Gongolaria,19,Whole,0.718351066,249.7859398
90,P4190161,1.5,70,34.96827,32.833575,2025-04-19T10:08:45.000,Gongolaria,17,Whole,0.718351066,249.9517081
91,P4190162,1.5,71,34.96827333,32.83359,2025-04-19T10:09:31.000,Sargassum,17,Whole,0.666946888,251.3077858
92,P4190163,1.5,67,34.96827667,32.83360667,2025-04-19T10:10:17.000,Gongolaria,19.7,Whole,0.594459653,252.8343695
93,P4190164,1.5,44,34.96828,32.83361833,2025-04-19T10:10:47.000,Sargassum,18,Whole,0.616542578,253.8653179
94,P4190165,1.5,49,34.96828167,32.83362833,2025-04-19T10:11:19.000,Gongolaria,22,Whole,0.578217745,254.7990556
95,P4190166,1.5,73,34.96828333,32.83363167,2025-04-19T10:11:27.000,Gongolaria,25.5,Whole,0.578217745,255.0660456
96,P4190167,1.5,36,34.968285,32.83364,2025-04-19T10:11:48.000,Sargassum,,Whole,0.564618826,255.8348101
97,P4190168,1.5,66,34.968285,32.83364,2025-04-19T10:11:52.000,Sargassum,,Whole,0.564618826,255.8348101
98,P4190169,1.5,64,34.96828667,32.83364667,2025-04-19T10:12:09.000,Sargassum,22.5,Whole,0.556910038,256.4373653
99,P4190170,1.5,35,34.96828833,32.83366,2025-04-19T10:12:48.000,Sargassum,25,Whole,0.563030481,257.7107456
100,P4190171,1.5,76,34.96829167,32.83367,2025-04-19T10:13:16.000,Sargassum,23,Whole,0.560260832,258.5853695
101,P4190172,1.5,127,34.96829167,32.83367333,2025-04-19T10:13:24.000,Sargassum,23.5,Whole,0.543835223,258.9209709
102,P4190173,1.5,63,34.968295,32.83368667,2025-04-19T10:14:02.000,Sargassum,27,Whole,0.530590475,260.1343457
103,P4190174,1.5,325,34.968295,32.83368833,2025-04-19T10:14:07.000,Sargassum,,Whole,0.530590475,260.3024489
104,P4190175,1.5,55,34.96829833,32.8337,2025-04-19T10:14:39.000,Sargassum,29,Whole,0.450840354,261.3508262
105,P4190176,-3,68,34.96829333,32.83372333,2025-04-19T10:15:09.000,Gongolaria,23,Whole,0.481922299,263.9018121
106,P4190177,-3,50,34.96828667,32.83375,2025-04-19T10:15:40.000,Sargassum,20,Whole,0.55559963,266.8554959
107,P4190178,-3,65,34.968285,32.83375333,2025-04-19T10:15:44.000,Sargassum,21,Whole,0.521439552,267.2566634
108,P4190179,-3,48,34.96827833,32.83378167,2025-04-19T10:16:17.000,Gongolaria,20.7,Whole,0.632829726,270.3808045
109,P4190180,-3,64,34.96827833,32.83378667,2025-04-19T10:16:23.000,Sargassum,23.5,Whole,0.632829726,270.8876699
110,P4190181,-3,21,34.96827,32.83381833,2025-04-19T10:16:59.000,Sargassum,22.5,Whole,0.583664715,274.4154374
111,P4190182,-3,33,34.96826833,32.83382667,2025-04-19T10:17:08.000,Gongolaria,22,Whole,0.5710482,275.3242827
112,P4190183,-3.5,60,34.96825333,32.83388833,2025-04-19T10:18:24.000,Sargassum,35,Whole,0.789586306,282.1546126
113,P4190184,-3.5,329,34.96824667,32.83390833,2025-04-19T10:18:56.000,Sargassum,37,Whole,0.890080452,284.4382414
114,P4190185,-3.5,327,34.96823333,32.833955,2025-04-19T10:20:08.000,Sargassum,,Whole,1.048995018,289.6860586
115,P4190186,-3.5,81,34.96823,32.83396333,2025-04-19T10:20:22.000,Sargassum,37,Whole,1.044004679,290.6585061
116,P4190187,-3.5,95,34.96822833,32.83397,2025-04-19T10:20:30.000,Sargassum,31,Whole,1.018404126,291.3996986
117,P4190188,-3.5,350,34.96822167,32.83399,2025-04-19T10:21:02.000,Sargassum,,Whole,0.993153632,293.684816
118,P4190189,-3.5,346,34.96822167,32.83399167,2025-04-19T10:21:04.000,Sargassum,,Whole,0.993153632,293.854886
119,P4190190,-3.5,351,34.96822167,32.83399167,2025-04-19T10:21:06.000,Sargassum,,Whole,0.993153632,293.854886
120,P4190191,-3.5,60,34.96821667,32.83400833,2025-04-19T10:21:30.000,,,,0.838615298,295.7391141
121,P4190192,-3.5,357,34.96821167,32.83402833,2025-04-19T10:22:02.000,Gongolaria,23.5,Whole,0.760452032,297.9641054
122,P4190193,-3.5,353,34.968205,32.83404667,2025-04-19T10:22:32.000,Gongolaria,23.5,Whole,0.693041265,300.0799808
123,P4190194,-3.5,1,34.96819833,32.83407,2025-04-19T10:22:59.000,Gongolaria,31.5,Whole,0.661556125,302.7071628
124,P4190195,-3.5,39,34.96818333,32.83411833,2025-04-19T10:23:37.000,Sargassum,42,Whole,0.801944554,308.193971
125,P4190196,-3.5,49,34.96816833,32.83416333,2025-04-19T10:24:12.000,Sargassum,29.5,Whole,0.783036947,313.3411937
126,P4190197,-3.5,41,34.96815667,32.83420333,2025-04-19T10:24:44.000,Sargassum,23,Whole,0.695319235,317.8580124
127,P4190198,-4,72,34.968135,32.83431,2025-04-19T10:25:36.000,Dictyota,10.5,Whole,1.473581076,329.5783425
128,P4190199,-4,93,34.96813167,32.83432,2025-04-19T10:25:40.000,Gongolaria,12,Whole,1.423635364,330.7236585
129,P4190200,-4,334,34.96812333,32.83437667,2025-04-19T10:26:01.000,Dictyota,8.5,Whole,1.006796598,336.8488258
130,P4190201,-4,299,34.96811833,32.83440167,2025-04-19T10:26:11.000,Dictyota,9,Whole,0.927489281,339.59902
131,P4190202,-4.5,198,34.968115,32.83444,2025-04-19T10:26:27.000,Dictyota,5.5,Whole,0.779921234,343.6700926
132,P4190203,-4.5,340,34.96810667,32.83451667,2025-04-19T10:27:00.000,Turf,4,,0.815203726,351.8816201
133,P4190204,-3.5,10,34.96809833,32.834585,2025-04-19T10:27:37.000,Turf,3,,0.807057142,359.2433068
134,P4190205,-3.5,146,34.96809167,32.834525,2025-04-19T10:27:59.000,Turf,3.5,,0.78908813,353.2482381
135,P4190206,-3.5,191,34.96808333,32.83446333,2025-04-19T10:28:21.000,Dictyota,11,Whole,0.998461843,347.163957
136,P4190207,-2.5,218,34.96807833,32.83440833,2025-04-19T10:28:43.000,Sargassum,27,Whole,1.376421213,341.6773153
137,P4190208,-2.5,239,34.96808,32.83440167,2025-04-19T10:28:49.000,Gongolaria,27,Whole,1.445177555,340.9335804
138,P4190209,-2.5,102,34.96809167,32.83434,2025-04-19T10:29:41.000,Sargassum,28,Whole,1.420267344,334.1900714
139,P4190210,-2.5,110,34.96809667,32.83431,2025-04-19T10:30:06.000,Sargassum,23,Whole,1.729251742,330.9363914
140,P4190211,-2.5,221,34.96810667,32.83425167,2025-04-19T10:30:55.000,Sargassum,30,Whole,0.932709873,324.6058993
141,P4190212,-3,176,34.96810833,32.83421,2025-04-19T10:31:34.000,Sargassum,45,Whole,0.65458864,320.2900145
142,P4190213,-3,204,34.968105,32.834175,2025-04-19T10:32:10.000,Gongolaria,26,Whole,0.812598288,316.8473273
143,P4190214,-3,192,34.96810333,32.83415333,2025-04-19T10:32:31.000,Sargassum,,Whole,0.839194059,314.7065203
144,P4190215,-3,130,34.96810167,32.83412667,2025-04-19T10:32:59.000,Gongolaria,32,Whole,0.8360762,312.0624506
145,P4190216,-3,209,34.96809833,32.834075,2025-04-19T10:33:51.000,Sargassum,28.5,Whole,0.913298726,306.960084
146,P4190217,-4,176,34.96809667,32.83405167,2025-04-19T10:34:15.000,Sargassum,37,Whole,0.849496603,304.6694907
147,P4190218,-4,354,34.96809167,32.83399833,2025-04-19T10:35:18.000,Sargassum,,Whole,0.668556631,299.4996619
148,P4190219,-4,59,34.96809,32.83397667,2025-04-19T10:35:44.000,Gongolaria,31,Whole,0.651559472,297.3929373
149,P4190220,-4,63,34.96809,32.83397667,2025-04-19T10:35:45.000,Gongolaria,31,Whole,0.651559472,297.3929373
150,P4190221,-4,28,34.96808833,32.83397,2025-04-19T10:35:52.000,Gongolaria,28.5,Whole,0.651559472,296.7920446
151,P4190222,-4,223,34.968085,32.83393167,2025-04-19T10:36:38.000,Gongolaria,28.7,Whole,0.56139195,293.0950653
152,P4190223,-4,146,34.968085,32.83392333,2025-04-19T10:36:48.000,Gongolaria,24.5,Whole,0.571294725,292.2637266
153,P4190224,-4,1,34.96808167,32.83389667,2025-04-19T10:37:19.000,Sargassum,,Whole,0.53353101,289.7451385
154,P4190226,-15,351,34.96961167,32.831325,2025-04-19T10:51:08.000,,,,2.834625244,29.49537704
155,P4190227,-15,348,34.969635,32.83133,2025-04-19T10:51:14.000,,,,2.629761457,30.21406307
156,P4190228,-5,346,34.96972833,32.83130833,2025-04-19T10:51:47.000,,,,,37.63095887
157,P4190229,-5,334,34.96973667,32.8313,2025-04-19T10:51:51.000,,,,,38.83820435
158,P4190230,113.4,340,34.96985,32.831295,2025-04-19T10:52:32.000,,,,,47.12910978
