sample,filename,timestamp,longitude,latitude,itm_x,itm_y,dist_complex_reef,roughness_1m
1,P4190068,2025-04-19T09:21:48.000,34.96976667,32.83116,197483.27,748514.68,,-32767.0
1,P4190069,2025-04-19T09:27:09.000,34.96932833,32.83170333,197442.36,748575.02,2.83,1.202
1,P4190070,2025-04-19T09:27:49.000,34.96923,32.83179333,197433.17,748585.03,14.76,1.246
1,P4190071,2025-04-19T09:28:03.000,34.969205,32.83181167,197430.84,748587.06,17.46,1.258
1,P4190074,2025-04-19T09:28:39.000,34.96914667,32.83185833,197425.39,748592.25,25.55,1.463
1,P4190075,2025-04-19T09:28:57.000,34.96911667,32.83188,197422.58,748594.66,28.84,1.59
1,P4190076,2025-04-19T09:30:33.000,34.96897,32.83200167,197408.88,748608.19,27.02,1.943
1,P4190077,2025-04-19T09:30:40.000,34.96896,32.83201167,197407.95,748609.3,26.08,1.888
1,P4190078,2025-04-19T09:33:05.000,34.96883167,32.83213667,197395.96,748623.19,13.04,1.452
1,P4190079,2025-04-19T09:33:18.000,34.96882333,32.83214667,197395.18,748624.3,12.0,1.562
1,P4190080,2025-04-19T09:33:40.000,34.96880667,32.83216167,197393.63,748625.96,10.0,1.68
1,P4190081,2025-04-19T09:35:09.000,34.968755,32.832215,197388.8,748631.89,5.83,1.718
1,P4190082,2025-04-19T09:35:42.000,34.96873833,32.83223,197387.24,748633.56,6.4,1.558
1,P4190083,2025-04-19T09:35:49.000,34.968735,32.83223333,197386.93,748633.93,6.4,1.558
1,P4190084,2025-04-19T09:36:28.000,34.96871667,32.83225167,197385.22,748635.96,7.28,1.427
1,P4190085,2025-04-19T09:36:39.000,34.96871167,32.83225667,197384.75,748636.52,8.06,1.329
1,P4190087,2025-04-19T09:36:56.000,34.96870333,32.83226333,197383.98,748637.26,8.94,1.34
1,P4190088,2025-04-19T09:37:23.000,34.96869,32.83227667,197382.73,748638.74,9.22,1.326
1,P4190089,2025-04-19T09:38:05.000,34.96867,32.832295,197380.86,748640.78,11.05,1.309
1,P4190090,2025-04-19T09:38:18.000,34.968665,32.83230167,197380.4,748641.52,12.0,1.291
1,P4190091,2025-04-19T09:38:41.000,34.96865333,32.83231167,197379.31,748642.63,13.0,1.174
1,P4190092,2025-04-19T09:39:40.000,34.968635,32.83233667,197377.6,748645.41,16.12,0.966
1,P4190093,2025-04-19T09:39:47.000,34.96863333,32.83233833,197377.44,748645.59,16.12,0.966
1,P4190094,2025-04-19T09:40:00.000,34.96863333,32.83234333,197377.44,748646.15,17.12,0.937
1,P4190095,2025-04-19T09:40:26.000,34.96863167,32.83235167,197377.29,748647.07,17.12,0.937
1,P4190096,2025-04-19T09:41:13.000,34.96862833,32.83236833,197376.98,748648.92,19.1,0.987
1,P4190097,2025-04-19T09:41:51.000,34.968625,32.83238167,197376.67,748650.4,21.21,1.002
1,P4190098,2025-04-19T09:41:56.000,34.968625,32.83238333,197376.67,748650.58,21.21,1.002
1,P4190099,2025-04-19T09:43:07.000,34.96862,32.83240833,197376.21,748653.36,24.19,0.87
1,P4190100,2025-04-19T09:43:36.000,34.96861667,32.83241833,197375.9,748654.47,25.18,0.917
1,P4190101,2025-04-19T09:43:50.000,34.96861667,32.83242333,197375.9,748655.02,25.18,0.917
1,P4190102,2025-04-19T09:43:51.000,34.96861667,32.83242333,197375.9,748655.02,25.18,0.917
1,P4190103,2025-04-19T09:44:02.000,34.968615,32.83242833,197375.75,748655.58,26.31,0.925
1,P4190104,2025-04-19T09:44:41.000,34.96861167,32.83244167,197375.44,748657.06,27.29,0.856
1,P4190105,2025-04-19T09:45:33.000,34.96860833,32.83246,197375.13,748659.09,29.0,0.863
1,P4190106,2025-04-19T09:46:10.000,34.96860667,32.83247333,197374.98,748660.57,30.41,0.898
1,P4190107,2025-04-19T09:46:14.000,34.968605,32.83247333,197374.82,748660.57,30.41,0.898
1,P4190108,2025-04-19T09:46:19.000,34.968605,32.83247667,197374.82,748660.94,30.41,0.898
1,P4190109,2025-04-19T09:46:22.000,34.968605,32.83247667,197374.82,748660.94,30.41,0.898
1,P4190110,2025-04-19T09:46:47.000,34.96860333,32.832485,197374.67,748661.86,30.41,0.853
1,P4190111,2025-04-19T09:46:53.000,34.96860333,32.83248833,197374.67,748662.23,31.14,0.869
1,P4190112,2025-04-19T09:47:18.000,34.96860167,32.83249667,197374.51,748663.16,31.89,0.824
1,P4190113,2025-04-19T09:47:24.000,34.9686,32.83249833,197374.36,748663.34,31.89,0.824
1,P4190114,2025-04-19T09:48:06.000,34.96859167,32.83251833,197373.58,748665.56,32.8,0.726
1,P4190115,2025-04-19T09:48:37.000,34.96858167,32.83253667,197372.65,748667.6,33.84,0.73
1,P4190116,2025-04-19T09:48:48.000,34.96857833,32.83254333,197372.34,748668.34,34.67,0.733
1,P4190117,2025-04-19T09:49:23.000,34.96856667,32.832565,197371.25,748670.74,35.85,0.684
1,P4190118,2025-04-19T09:49:54.000,34.96855667,32.83258333,197370.32,748672.78,37.12,0.633
1,P4190119,2025-04-19T09:49:57.000,34.968555,32.832585,197370.17,748672.97,37.12,0.633
1,P4190120,2025-04-19T09:50:14.000,34.96855,32.832595,197369.7,748674.08,37.58,0.562
1,P4190121,2025-04-19T09:50:23.000,34.96854667,32.8326,197369.39,748674.63,38.48,0.54
1,P4190122,2025-04-19T09:50:41.000,34.96854,32.83261,197368.77,748675.74,39.0,0.514
1,P4190123,2025-04-19T09:51:09.000,34.96853167,32.83262667,197367.99,748677.59,37.8,0.582
1,P4190124,2025-04-19T09:51:34.000,34.96852333,32.83264167,197367.22,748679.26,37.44,0.621
1,P4190125,2025-04-19T09:51:39.000,34.96852167,32.832645,197367.06,748679.63,37.44,0.621
1,P4190126,2025-04-19T09:51:59.000,34.968515,32.83265667,197366.44,748680.92,37.74,0.639
1,P4190127,2025-04-19T09:52:01.000,34.96851333,32.83265833,197366.28,748681.11,37.74,0.639
1,P4190128,2025-04-19T09:52:08.000,34.96851167,32.83266167,197366.13,748681.48,37.22,0.696
1,P4190129,2025-04-19T09:52:53.000,34.96847333,32.83275,197362.56,748691.28,37.11,0.617
1,P4190130,2025-04-19T09:53:52.000,34.96844167,32.83287333,197359.63,748704.97,39.05,1.283
1,P4190131,2025-04-19T09:54:33.000,34.968455,32.83292667,197360.89,748710.88,37.85,1.514
1,P4190132,2025-04-19T09:55:18.000,34.96846833,32.83298333,197362.15,748717.16,39.0,1.046
1,P4190133,2025-04-19T09:55:53.000,34.96847333,32.833025,197362.63,748721.78,40.71,1.355
1,P4190134,2025-04-19T09:56:13.000,34.96846167,32.83304,197361.54,748723.45,42.54,1.57
1,P4190135,2025-04-19T09:56:25.000,34.968455,32.83304833,197360.92,748724.37,43.05,1.467
1,P4190136,2025-04-19T09:56:28.000,34.96845333,32.83305167,197360.76,748724.74,43.91,1.601
1,P4190137,2025-04-19T09:57:04.000,34.96843167,32.83307833,197358.74,748727.7,47.17,1.457
1,P4190138,2025-04-19T09:58:07.000,34.96839667,32.833125,197355.48,748732.89,52.43,0.814
1,P4190139,2025-04-19T09:58:14.000,34.96839167,32.83313,197355.01,748733.44,53.01,0.754
1,P4190140,2025-04-19T09:59:00.000,34.968365,32.83316333,197352.52,748737.14,57.8,0.584
1,P4190141,2025-04-19T09:59:32.000,34.96835667,32.83320333,197351.75,748741.58,61.03,1.001
1,P4190142,2025-04-19T10:00:02.000,34.968355,32.83325,197351.61,748746.76,64.03,1.514
1,P4190143,2025-04-19T10:00:42.000,34.96835,32.83331167,197351.15,748753.6,68.62,1.115
1,P4190144,2025-04-19T10:01:25.000,34.96834333,32.83336167,197350.54,748759.14,73.54,1.195
1,P4190145,2025-04-19T10:01:54.000,34.968335,32.83337833,197349.76,748760.99,74.95,1.248
1,P4190146,2025-04-19T10:02:29.000,34.968325,32.83339667,197348.83,748763.03,76.38,1.222
1,P4190147,2025-04-19T10:02:57.000,34.96831667,32.83341333,197348.06,748764.88,78.52,1.118
1,P4190148,2025-04-19T10:03:07.000,34.96831333,32.83341833,197347.75,748765.43,79.93,1.005
1,P4190149,2025-04-19T10:03:56.000,34.96829833,32.833445,197346.35,748768.4,82.81,0.759
1,P4190151,2025-04-19T10:04:35.000,34.96828667,32.83346667,197345.26,748770.8,84.96,0.631
1,P4190152,2025-04-19T10:04:37.000,34.96828667,32.83346833,197345.26,748770.99,84.96,0.631
1,P4190153,2025-04-19T10:05:23.000,34.96827167,32.83349333,197343.86,748773.76,87.86,0.439
1,P4190154,2025-04-19T10:05:51.000,34.96826333,32.83350833,197343.09,748775.43,90.03,0.373
1,P4190155,2025-04-19T10:05:53.000,34.96826333,32.83351,197343.09,748775.61,90.03,0.373
1,P4190156,2025-04-19T10:06:22.000,34.96825833,32.83352333,197342.62,748777.09,91.44,0.41
1,P4190157,2025-04-19T10:07:28.000,34.96826333,32.83354667,197343.1,748779.68,93.09,0.467
1,P4190158,2025-04-19T10:07:30.000,34.968265,32.83354667,197343.25,748779.68,93.09,0.467
1,P4190159,2025-04-19T10:08:04.000,34.96826667,32.83356,197343.41,748781.16,92.78,0.494
1,P4190160,2025-04-19T10:08:44.000,34.96827,32.83357333,197343.73,748782.63,91.79,0.508
1,P4190161,2025-04-19T10:08:45.000,34.96827,32.833575,197343.73,748782.82,91.79,0.508
1,P4190162,2025-04-19T10:09:31.000,34.96827333,32.83359,197344.04,748784.48,89.68,0.534
1,P4190163,2025-04-19T10:10:17.000,34.96827667,32.83360667,197344.36,748786.33,87.69,0.541
1,P4190164,2025-04-19T10:10:47.000,34.96828,32.83361833,197344.67,748787.62,86.7,0.524
1,P4190165,2025-04-19T10:11:19.000,34.96828167,32.83362833,197344.83,748788.73,85.59,0.475
1,P4190166,2025-04-19T10:11:27.000,34.96828333,32.83363167,197344.99,748789.1,85.59,0.475
1,P4190167,2025-04-19T10:11:48.000,34.968285,32.83364,197345.15,748790.02,84.59,0.482
1,P4190168,2025-04-19T10:11:52.000,34.968285,32.83364,197345.15,748790.02,84.59,0.482
1,P4190169,2025-04-19T10:12:09.000,34.96828667,32.83364667,197345.31,748790.76,83.6,0.501
1,P4190170,2025-04-19T10:12:48.000,34.96828833,32.83366,197345.46,748792.24,81.61,0.559
1,P4190171,2025-04-19T10:13:16.000,34.96829167,32.83367,197345.78,748793.35,80.62,0.595
1,P4190172,2025-04-19T10:13:24.000,34.96829167,32.83367333,197345.78,748793.72,80.62,0.595
1,P4190173,2025-04-19T10:14:02.000,34.968295,32.83368667,197346.1,748795.2,78.52,0.703
1,P4190174,2025-04-19T10:14:07.000,34.968295,32.83368833,197346.1,748795.38,78.52,0.703
1,P4190175,2025-04-19T10:14:39.000,34.96829833,32.8337,197346.41,748796.68,77.52,0.749
1,P4190176,2025-04-19T10:15:09.000,34.96829333,32.83372333,197345.95,748799.26,74.55,0.861
1,P4190177,2025-04-19T10:15:40.000,34.96828667,32.83375,197345.33,748802.22,71.7,0.846
1,P4190178,2025-04-19T10:15:44.000,34.968285,32.83375333,197345.18,748802.59,71.7,0.846
1,P4190179,2025-04-19T10:16:17.000,34.96827833,32.83378167,197344.56,748805.74,68.88,0.872
1,P4190180,2025-04-19T10:16:23.000,34.96827833,32.83378667,197344.56,748806.29,67.9,0.822
1,P4190181,2025-04-19T10:16:59.000,34.96827,32.83381833,197343.79,748809.8,65.12,0.739
1,P4190182,2025-04-19T10:17:08.000,34.96826833,32.83382667,197343.63,748810.73,64.13,0.754
1,P4190183,2025-04-19T10:18:24.000,34.96825333,32.83388833,197342.24,748817.57,57.49,0.827
1,P4190184,2025-04-19T10:18:56.000,34.96824667,32.83390833,197341.63,748819.79,55.79,0.941
1,P4190185,2025-04-19T10:20:08.000,34.96823333,32.833955,197340.39,748824.97,51.24,1.232
1,P4190186,2025-04-19T10:20:22.000,34.96823,32.83396333,197340.08,748825.89,50.29,1.194
1,P4190187,2025-04-19T10:20:30.000,34.96822833,32.83397,197339.92,748826.63,49.34,1.135
1,P4190188,2025-04-19T10:21:02.000,34.96822167,32.83399,197339.3,748828.85,47.76,0.946
1,P4190189,2025-04-19T10:21:04.000,34.96822167,32.83399167,197339.31,748829.04,47.76,0.946
1,P4190190,2025-04-19T10:21:06.000,34.96822167,32.83399167,197339.31,748829.04,47.76,0.946
1,P4190191,2025-04-19T10:21:30.000,34.96821667,32.83400833,197338.84,748830.89,45.88,0.84
1,P4190192,2025-04-19T10:22:02.000,34.96821167,32.83402833,197338.38,748833.11,44.38,0.679
1,P4190193,2025-04-19T10:22:32.000,34.968205,32.83404667,197337.76,748835.14,42.05,0.788
1,P4190194,2025-04-19T10:22:59.000,34.96819833,32.83407,197337.14,748837.73,40.25,0.852
1,P4190195,2025-04-19T10:23:37.000,34.96818333,32.83411833,197335.75,748843.09,36.89,1.015
1,P4190196,2025-04-19T10:24:12.000,34.96816833,32.83416333,197334.35,748848.09,33.42,1.112
1,P4190197,2025-04-19T10:24:44.000,34.96815667,32.83420333,197333.27,748852.53,30.41,1.162
1,P4190198,2025-04-19T10:25:36.000,34.968135,32.83431,197331.27,748864.36,25.63,1.278
1,P4190199,2025-04-19T10:25:40.000,34.96813167,32.83432,197330.96,748865.47,25.3,1.31
1,P4190200,2025-04-19T10:26:01.000,34.96812333,32.83437667,197330.19,748871.76,25.08,1.208
1,P4190201,2025-04-19T10:26:11.000,34.96811833,32.83440167,197329.73,748874.53,25.08,0.951
1,P4190202,2025-04-19T10:26:27.000,34.968115,32.83444,197329.43,748878.78,21.1,0.724
1,P4190203,2025-04-19T10:27:00.000,34.96810667,32.83451667,197328.67,748887.29,12.04,0.991
1,P4190204,2025-04-19T10:27:37.000,34.96809833,32.834585,197327.9,748894.87,5.1,0.82
1,P4190205,2025-04-19T10:27:59.000,34.96809167,32.834525,197327.27,748888.21,11.0,0.965
1,P4190206,2025-04-19T10:28:21.000,34.96808333,32.83446333,197326.47,748881.38,18.0,0.709
1,P4190207,2025-04-19T10:28:43.000,34.96807833,32.83440833,197325.99,748875.28,23.77,0.708
1,P4190208,2025-04-19T10:28:49.000,34.96808,32.83440167,197326.14,748874.54,24.17,0.738
1,P4190209,2025-04-19T10:29:41.000,34.96809167,32.83434,197327.22,748867.7,28.3,1.13
1,P4190210,2025-04-19T10:30:06.000,34.96809667,32.83431,197327.68,748864.37,29.41,1.204
1,P4190211,2025-04-19T10:30:55.000,34.96810667,32.83425167,197328.6,748857.9,31.38,1.173
1,P4190212,2025-04-19T10:31:34.000,34.96810833,32.83421,197328.75,748853.28,33.6,1.047
1,P4190213,2025-04-19T10:32:10.000,34.968105,32.834175,197328.43,748849.4,36.12,0.848
1,P4190214,2025-04-19T10:32:31.000,34.96810333,32.83415333,197328.27,748846.99,38.18,0.715
1,P4190215,2025-04-19T10:32:59.000,34.96810167,32.83412667,197328.1,748844.04,40.36,0.751
1,P4190216,2025-04-19T10:33:51.000,34.96809833,32.834075,197327.78,748838.31,44.82,0.858
1,P4190217,2025-04-19T10:34:15.000,34.96809667,32.83405167,197327.62,748835.72,47.2,0.823
1,P4190218,2025-04-19T10:35:18.000,34.96809167,32.83399833,197327.14,748829.8,52.15,0.825
1,P4190219,2025-04-19T10:35:44.000,34.96809,32.83397667,197326.97,748827.4,53.85,0.806
1,P4190220,2025-04-19T10:35:45.000,34.96809,32.83397667,197326.97,748827.4,53.85,0.806
1,P4190221,2025-04-19T10:35:52.000,34.96808833,32.83397,197326.82,748826.66,55.23,0.843
1,P4190222,2025-04-19T10:36:38.000,34.968085,32.83393167,197326.49,748822.41,58.67,0.797
1,P4190223,2025-04-19T10:36:48.000,34.968085,32.83392333,197326.49,748821.49,59.54,0.83
1,P4190224,2025-04-19T10:37:19.000,34.96808167,32.83389667,197326.17,748818.53,62.18,0.802
1,P4190226,2025-04-19T10:51:08.000,34.96961167,32.831325,197468.79,748533.01,0.0,2.691
1,P4190227,2025-04-19T10:51:14.000,34.969635,32.83133,197470.98,748533.56,1.0,2.448
1,P4190228,2025-04-19T10:51:47.000,34.96972833,32.83130833,197479.71,748531.13,7.07,1.32
1,P4190229,2025-04-19T10:51:51.000,34.96973667,32.8313,197480.49,748530.21,8.49,1.198
1,P4190230,2025-04-19T10:52:32.000,34.96985,32.831295,197491.1,748529.63,,-32767.0
2,P4290910,2025-04-29T10:40:56.000,34.96100167,32.82925333,196662.09,748305.08,29.73,0.763
2,P4290911,2025-04-29T10:41:03.000,34.961,32.82925667,196661.94,748305.45,30.48,0.774
2,P4290912,2025-04-29T10:41:12.000,34.96099833,32.82926,196661.78,748305.82,31.14,0.828
2,P4290913,2025-04-29T10:41:20.000,34.960995,32.82926167,196661.47,748306.0,31.14,0.828
2,P4290914,2025-04-29T10:41:35.000,34.96099333,32.82926833,196661.31,748306.74,31.11,0.832
2,P4290915,2025-04-29T10:41:42.000,34.96099167,32.82927,196661.16,748306.93,31.11,0.832
2,P4290916,2025-04-29T10:41:46.000,34.96099,32.82927167,196661.0,748307.11,31.11,0.832
2,P4290917,2025-04-29T10:41:51.000,34.96098833,32.82927333,196660.85,748307.3,30.41,0.796
2,P4290918,2025-04-29T10:41:58.000,34.96098667,32.82927667,196660.69,748307.67,29.7,0.773
2,P4290919,2025-04-29T10:42:06.000,34.960985,32.82927833,196660.54,748307.85,29.7,0.773
2,P4290920,2025-04-29T10:42:14.000,34.96098333,32.82928167,196660.38,748308.22,29.0,0.744
2,P4290921,2025-04-29T10:42:21.000,34.96098167,32.829285,196660.23,748308.59,29.0,0.744
2,P4290922,2025-04-29T10:42:43.000,34.96097833,32.82929167,196659.92,748309.33,28.32,0.717
2,P4290923,2025-04-29T10:43:01.000,34.96097333,32.82929833,196659.45,748310.07,27.59,0.703
2,P4290924,2025-04-29T10:43:04.000,34.96097333,32.8293,196659.45,748310.26,26.91,0.72
2,P4290925,2025-04-29T10:43:10.000,34.96097167,32.82930167,196659.29,748310.44,26.91,0.72
2,P4290926,2025-04-29T10:43:17.000,34.96097,32.829305,196659.14,748310.81,26.91,0.72
2,P4290927,2025-04-29T10:43:31.000,34.96096667,32.82931,196658.83,748311.37,26.25,0.73
2,P4290928,2025-04-29T10:43:36.000,34.96096667,32.82931167,196658.83,748311.55,26.25,0.73
2,P4290929,2025-04-29T10:43:39.000,34.960965,32.82931333,196658.67,748311.74,25.5,0.721
2,P4290930,2025-04-29T10:43:45.000,34.96096333,32.829315,196658.52,748311.92,25.5,0.721
2,P4290931,2025-04-29T10:43:59.000,34.96095833,32.82932333,196658.05,748312.85,24.84,0.698
2,P4290932,2025-04-29T10:44:08.000,34.96095,32.82933333,196657.27,748313.96,23.43,0.716
2,P4290933,2025-04-29T10:44:14.000,34.960945,32.82933833,196656.81,748314.51,22.02,0.731
2,P4290934,2025-04-29T10:44:17.000,34.96094167,32.82934167,196656.5,748314.89,22.02,0.731
2,P4290935,2025-04-29T10:44:22.000,34.96093833,32.82934833,196656.18,748315.63,21.4,0.752
2,P4290936,2025-04-29T10:44:32.000,34.96092833,32.82935833,196655.25,748316.74,20.0,0.752
2,P4290937,2025-04-29T10:44:39.000,34.96092333,32.829365,196654.78,748317.48,18.6,0.755
2,P4290938,2025-04-29T10:44:45.000,34.96091667,32.82937167,196654.16,748318.22,18.03,0.728
2,P4290939,2025-04-29T10:44:51.000,34.96091167,32.82937833,196653.7,748318.96,17.2,0.785
2,P4290940,2025-04-29T10:44:54.000,34.96091,32.82938167,196653.54,748319.33,16.64,0.803
2,P4290941,2025-04-29T10:45:09.000,34.96089667,32.82939667,196652.3,748321.0,15.26,0.942
2,P4290942,2025-04-29T10:45:20.000,34.96088667,32.82940833,196651.36,748322.29,13.42,1.04
2,P4290943,2025-04-29T10:45:52.000,34.96085833,32.82944333,196648.72,748326.18,9.22,1.312
2,P4290944,2025-04-29T10:46:04.000,34.96084833,32.829455,196647.78,748327.47,8.06,1.36
2,P4290945,2025-04-29T10:46:23.000,34.96083167,32.829475,196646.23,748329.7,7.07,1.29
2,P4290946,2025-04-29T10:46:29.000,34.96082667,32.82948167,196645.76,748330.44,6.32,1.27
2,P4290947,2025-04-29T10:46:51.000,34.96080667,32.829505,196643.9,748333.03,6.08,1.438
2,P4290948,2025-04-29T10:46:59.000,34.9608,32.82951333,196643.27,748333.95,5.39,1.58
2,P4290949,2025-04-29T10:47:15.000,34.96078333,32.82952833,196641.72,748335.62,4.47,1.791
2,P4290950,2025-04-29T10:47:18.000,34.96077833,32.82953,196641.25,748335.81,4.47,1.791
2,P4290951,2025-04-29T10:47:25.000,34.960765,32.829535,196640.0,748336.36,4.24,1.901
2,P4290952,2025-04-29T10:47:32.000,34.96075167,32.82953833,196638.76,748336.74,2.83,2.051
2,P4290953,2025-04-29T10:47:36.000,34.960745,32.82954,196638.13,748336.92,2.83,2.051
2,P4290954,2025-04-29T10:47:43.000,34.96073167,32.829545,196636.88,748337.48,3.16,1.918
2,P4290955,2025-04-29T10:47:54.000,34.96071167,32.82955,196635.01,748338.04,2.24,1.907
2,P4290956,2025-04-29T10:48:05.000,34.96069167,32.82955667,196633.14,748338.78,3.0,1.903
2,P4290957,2025-04-29T10:48:18.000,34.96066833,32.82956333,196630.96,748339.53,4.12,1.439
2,P4290958,2025-04-29T10:48:23.000,34.96065833,32.82956667,196630.02,748339.9,4.47,1.451
2,P4290959,2025-04-29T10:48:30.000,34.96064667,32.82957,196628.93,748340.27,5.83,1.18
2,P4290960,2025-04-29T10:48:46.000,34.96061667,32.82958,196626.13,748341.39,7.07,1.066
2,P4290961,2025-04-29T10:48:57.000,34.96059667,32.829585,196624.25,748341.95,5.1,1.224
2,P4290962,2025-04-29T10:49:12.000,34.96056833,32.829595,196621.6,748343.06,2.83,1.774
2,P4290963,2025-04-29T10:49:23.000,34.96054833,32.8296,196619.73,748343.62,2.24,2.019
2,P4290964,2025-04-29T10:49:33.000,34.96053,32.82960667,196618.02,748344.36,2.0,1.882
2,P4290965,2025-04-29T10:49:51.000,34.96049833,32.82961667,196615.05,748345.48,1.0,2.398
2,P4290966,2025-04-29T10:50:02.000,34.96047667,32.82962167,196613.03,748346.04,0.0,2.553
2,P4290967,2025-04-29T10:50:10.000,34.96046333,32.82962667,196611.78,748346.6,1.0,2.491
2,P4290968,2025-04-29T10:50:30.000,34.96043,32.82964,196608.66,748348.08,1.0,2.138
2,P4290969,2025-04-29T10:50:44.000,34.96041167,32.82965167,196606.95,748349.38,2.0,1.994
2,P4290970,2025-04-29T10:50:55.000,34.96039667,32.82966167,196605.55,748350.49,4.12,1.713
2,P4290971,2025-04-29T10:51:19.000,34.960365,32.82968167,196602.59,748352.72,7.62,1.267
2,P4290972,2025-04-29T10:51:29.000,34.96035167,32.82969,196601.34,748353.64,8.94,1.05
2,P4290973,2025-04-29T10:52:19.000,34.96028667,32.82973167,196595.27,748358.28,16.64,0.845
2,P4290974,2025-04-29T10:52:31.000,34.96027,32.82974167,196593.71,748359.39,18.87,0.786
2,P4290975,2025-04-29T10:52:45.000,34.96025167,32.82975333,196591.99,748360.69,20.25,0.845
2,P4290976,2025-04-29T10:53:09.000,34.96022,32.82977333,196589.03,748362.91,23.85,0.952
2,P4290977,2025-04-29T10:53:23.000,34.96019667,32.82978667,196586.85,748364.4,26.63,0.897
2,P4290978,2025-04-29T10:53:47.000,34.96015833,32.82980833,196583.27,748366.81,31.06,1.062
2,P4290979,2025-04-29T10:53:56.000,34.96014333,32.82981667,196581.87,748367.74,32.45,1.081
2,P4290980,2025-04-29T10:54:11.000,34.96012,32.82983,196579.68,748369.22,36.06,1.022
2,P4290981,2025-04-29T10:54:25.000,34.96009667,32.82984333,196577.5,748370.7,38.28,0.948
2,P4290982,2025-04-29T10:54:32.000,34.96008667,32.82985,196576.57,748371.45,39.66,0.778
2,P4290983,2025-04-29T10:54:42.000,34.96007,32.82986,196575.01,748372.56,41.05,0.697
2,P4290984,2025-04-29T10:55:00.000,34.96004167,32.829875,196572.36,748374.23,44.01,0.691
2,P4290985,2025-04-29T10:55:05.000,34.960035,32.82987667,196571.74,748374.42,44.0,0.669
2,P4290986,2025-04-29T10:55:16.000,34.96002167,32.82988167,196570.49,748374.97,44.01,0.665
2,P4290987,2025-04-29T10:55:20.000,34.96001667,32.82988333,196570.02,748375.16,45.01,0.683
2,P4290988,2025-04-29T10:55:42.000,34.95998833,32.82989167,196567.37,748376.09,44.38,0.802
2,P4290989,2025-04-29T10:55:54.000,34.95997333,32.82989667,196565.97,748376.65,45.12,0.924
2,P4290990,2025-04-29T10:56:23.000,34.95993667,32.82990833,196562.54,748377.95,45.4,1.524
2,P4290991,2025-04-29T10:56:29.000,34.95993,32.82991167,196561.92,748378.32,46.39,1.594
2,P4290992,2025-04-29T10:56:42.000,34.95991333,32.82991667,196560.36,748378.88,46.17,1.873
2,P4290993,2025-04-29T10:56:49.000,34.959905,32.82992,196559.58,748379.25,47.1,2.028
2,P4290994,2025-04-29T10:57:15.000,34.95987167,32.82993,196556.46,748380.36,48.0,1.506
2,P4290995,2025-04-29T10:57:24.000,34.95986,32.829935,196555.37,748380.92,48.0,1.286
2,P4290996,2025-04-29T10:57:38.000,34.95984333,32.82994,196553.81,748381.48,48.33,0.929
2,P4290997,2025-04-29T10:57:58.000,34.95981833,32.82994833,196551.47,748382.41,48.47,0.765
2,P4290998,2025-04-29T10:58:10.000,34.95980333,32.82995333,196550.07,748382.97,48.1,0.756
2,P4290999,2025-04-29T10:58:13.000,34.95979833,32.829955,196549.6,748383.15,48.7,0.781
2,P4291000,2025-04-29T10:58:15.000,34.95979667,32.829955,196549.44,748383.15,48.7,0.781
2,P4291001,2025-04-29T10:58:26.000,34.95978333,32.82996,196548.19,748383.71,48.38,0.874
2,P4291002,2025-04-29T10:58:35.000,34.95977167,32.82996333,196547.1,748384.08,48.08,0.915
2,P4291003,2025-04-29T10:58:54.000,34.95974833,32.82997167,196544.92,748385.01,48.51,0.944
2,P4291004,2025-04-29T10:59:02.000,34.95973833,32.829975,196543.98,748385.38,49.24,0.897
2,P4291005,2025-04-29T10:59:16.000,34.95972333,32.82997833,196542.58,748385.76,48.84,1.027
2,P4291006,2025-04-29T10:59:32.000,34.95971833,32.82998,196542.11,748385.94,48.84,1.027
2,P4291007,2025-04-29T10:59:47.000,34.95971333,32.82998,196541.65,748385.94,48.66,1.116
2,P4291008,2025-04-29T11:00:00.000,34.95970833,32.82998,196541.18,748385.95,48.66,1.116
2,P4291009,2025-04-29T11:00:20.000,34.95970167,32.82998,196540.55,748385.95,48.51,1.123
2,P4291010,2025-04-29T11:00:34.000,34.95969833,32.82998167,196540.24,748386.13,49.5,1.041
2,P4291011,2025-04-29T11:00:38.000,34.95969667,32.82998167,196540.09,748386.13,49.5,1.041
2,P4291012,2025-04-29T11:00:48.000,34.95969333,32.82998167,196539.77,748386.13,49.37,1.084
2,P4291013,2025-04-29T11:11:46.000,34.95946333,32.83,196518.24,748388.22,47.85,1.037
2,P4291014,2025-04-29T11:11:50.000,34.95946167,32.83,196518.09,748388.22,47.85,1.037
2,P4291015,2025-04-29T11:11:54.000,34.95945833,32.83000167,196517.77,748388.4,46.96,1.07
2,P4291016,2025-04-29T11:12:00.000,34.95945667,32.83000167,196517.62,748388.4,46.96,1.07
2,P4291017,2025-04-29T11:12:08.000,34.95945167,32.83000167,196517.15,748388.4,46.96,1.07
2,P4291018,2025-04-29T11:12:10.000,34.95945167,32.83000167,196517.15,748388.4,46.96,1.07
2,P4291019,2025-04-29T11:12:15.000,34.95944833,32.83000167,196516.84,748388.41,46.96,1.07
2,P4291020,2025-04-29T11:12:18.000,34.95944667,32.83000167,196516.68,748388.41,46.07,1.107
2,P4291021,2025-04-29T11:12:23.000,34.959445,32.83000333,196516.53,748388.59,46.07,1.107
2,P4291022,2025-04-29T11:12:53.000,34.95943,32.830005,196515.12,748388.78,45.18,1.092
2,P4291023,2025-04-29T11:12:57.000,34.95942833,32.830005,196514.97,748388.78,45.18,1.092
2,P4291024,2025-04-29T11:12:59.000,34.95942833,32.830005,196514.97,748388.78,45.18,1.092
2,P4291025,2025-04-29T11:13:07.000,34.95942333,32.830005,196514.5,748388.78,44.29,1.155
2,P4291026,2025-04-29T11:13:35.000,34.95941,32.83000667,196513.25,748388.97,43.42,1.072
2,P4291027,2025-04-29T11:13:39.000,34.95940833,32.83000667,196513.09,748388.97,43.42,1.072
2,P4291028,2025-04-29T11:14:02.000,34.95939667,32.83000833,196512.0,748389.16,43.05,0.972
2,P4291029,2025-04-29T11:14:58.000,34.95937,32.83001167,196509.51,748389.53,40.5,0.752
2,P4291030,2025-04-29T11:15:15.000,34.95936167,32.83001333,196508.73,748389.72,39.66,0.649
2,P4291031,2025-04-29T11:15:25.000,34.95935667,32.83001333,196508.26,748389.72,39.66,0.649
2,P4291032,2025-04-29T11:15:32.000,34.95935333,32.83001333,196507.95,748389.72,39.66,0.649
2,P4291033,2025-04-29T11:15:59.000,34.95934,32.830015,196506.7,748389.91,38.01,0.537
2,P4291034,2025-04-29T11:16:11.000,34.95933333,32.83001667,196506.07,748390.09,38.01,0.537
2,P4291035,2025-04-29T11:16:30.000,34.959325,32.83001667,196505.29,748390.1,37.2,0.543
2,P4291037,2025-04-29T11:17:52.000,34.95928333,32.83002333,196501.39,748390.84,34.71,0.712
2,P4291038,2025-04-29T11:18:02.000,34.95926667,32.83002667,196499.83,748391.22,34.66,0.754
2,P4291039,2025-04-29T11:18:11.000,34.95925333,32.83002833,196498.59,748391.4,33.24,0.792
2,P4291040,2025-04-29T11:18:29.000,34.959225,32.830035,196495.94,748392.15,32.53,0.767
2,P4291041,2025-04-29T11:18:46.000,34.9592,32.83004167,196493.6,748392.9,30.48,0.784
2,P4291042,2025-04-29T11:19:07.000,34.95916667,32.83004833,196490.48,748393.64,29.41,0.78
2,P4291043,2025-04-29T11:19:36.000,34.95912167,32.83005833,196486.27,748394.76,28.18,0.677
2,P4291044,2025-04-29T11:20:05.000,34.95907667,32.83006667,196482.05,748395.69,27.51,0.533
2,P4291045,2025-04-29T11:20:24.000,34.95904833,32.83007333,196479.4,748396.44,27.66,0.612
2,P4291046,2025-04-29T11:21:08.000,34.95898,32.83008833,196473.01,748398.12,29.0,0.618
2,P4291047,2025-04-29T11:21:20.000,34.95896167,32.83009,196471.29,748398.31,29.07,0.602
2,P4291048,2025-04-29T11:21:38.000,34.95893333,32.83009333,196468.64,748398.68,29.43,0.599
2,P4291049,2025-04-29T11:21:39.000,34.95893167,32.83009333,196468.48,748398.68,29.43,0.599
2,P4291050,2025-04-29T11:21:49.000,34.95891667,32.830095,196467.08,748398.87,29.61,0.63
2,P4291051,2025-04-29T11:22:09.000,34.95888667,32.83009833,196464.27,748399.25,31.32,0.651
2,P4291052,2025-04-29T11:22:22.000,34.95886667,32.8301,196462.4,748399.44,31.91,0.624
2,P4291054,2025-04-29T11:22:29.000,34.95885667,32.83010167,196461.46,748399.62,31.06,0.594
2,P4291055,2025-04-29T11:22:31.000,34.95885333,32.83010167,196461.15,748399.62,31.06,0.594
2,P4291056,2025-04-29T11:22:33.000,34.95885,32.83010167,196460.84,748399.63,31.06,0.594
2,P4291057,2025-04-29T11:22:35.000,34.95884667,32.83010333,196460.53,748399.81,30.23,0.604
2,P4291058,2025-04-29T11:22:57.000,34.95881333,32.83010667,196457.41,748400.19,28.43,0.57
2,P4291059,2025-04-29T11:23:02.000,34.958805,32.83010667,196456.63,748400.19,27.66,0.561
2,P4291060,2025-04-29T11:23:18.000,34.95878167,32.83011,196454.44,748400.56,26.17,0.6
2,P4291061,2025-04-29T11:23:32.000,34.95876,32.83011167,196452.42,748400.75,24.76,0.715
2,P4291062,2025-04-29T11:23:45.000,34.95874,32.83011333,196450.54,748400.94,23.43,0.814
2,P4291063,2025-04-29T11:23:55.000,34.958725,32.830115,196449.14,748401.13,23.6,0.814
2,P4291064,2025-04-29T11:24:11.000,34.9587,32.83011833,196446.8,748401.51,21.95,0.867
2,P4291065,2025-04-29T11:24:20.000,34.95868667,32.83012,196445.55,748401.69,21.47,0.865
2,P4291066,2025-04-29T11:24:35.000,34.95866333,32.83012,196443.37,748401.7,20.59,0.989
2,P4291067,2025-04-29T11:24:54.000,34.95862833,32.83012,196440.09,748401.71,19.31,1.04
2,P4291068,2025-04-29T11:25:26.000,34.95857167,32.83011667,196434.78,748401.35,18.03,0.944
2,P4291069,2025-04-29T11:25:32.000,34.95856167,32.83011667,196433.85,748401.35,18.03,0.944
2,P4291070,2025-04-29T11:25:39.000,34.95854833,32.83011667,196432.6,748401.35,18.0,0.999
2,P4291071,2025-04-29T11:26:03.000,34.95850667,32.830115,196428.7,748401.18,18.44,1.07
2,P4291072,2025-04-29T11:26:19.000,34.95847833,32.83011333,196426.04,748401.0,18.03,0.942
2,P4291073,2025-04-29T11:26:29.000,34.95846,32.83011167,196424.33,748400.82,18.79,0.838
2,P4291074,2025-04-29T11:26:35.000,34.95844833,32.83011167,196423.23,748400.82,19.24,0.853
2,P4291075,2025-04-29T11:27:41.000,34.95833167,32.83010667,196412.31,748400.29,18.25,1.142
2,P4291076,2025-04-29T11:27:43.000,34.95832833,32.83010667,196412.0,748400.29,18.25,1.142
2,P4291077,2025-04-29T11:27:44.000,34.95832667,32.83010667,196411.84,748400.29,18.25,1.142
2,P4291078,2025-04-29T11:27:58.000,34.95830167,32.83010667,196409.5,748400.3,18.0,1.05
2,P4291079,2025-04-29T11:28:00.000,34.95829667,32.830105,196409.03,748400.12,18.0,1.05
2,P4291080,2025-04-29T11:28:11.000,34.95827833,32.830105,196407.31,748400.12,18.0,1.02
2,P4291081,2025-04-29T11:28:12.000,34.95827667,32.830105,196407.16,748400.12,18.0,1.02
2,P4291082,2025-04-29T11:28:14.000,34.95827333,32.830105,196406.85,748400.12,18.0,1.02
2,P4291083,2025-04-29T11:28:19.000,34.95826333,32.830105,196405.91,748400.12,18.03,1.041
2,P4291084,2025-04-29T11:28:40.000,34.95822667,32.83010333,196402.48,748399.95,17.72,1.203
2,P4291085,2025-04-29T11:28:44.000,34.958225,32.83010667,196402.32,748400.32,18.68,1.211
2,P4291086,2025-04-29T11:28:46.000,34.95822333,32.83010833,196402.16,748400.5,18.68,1.211
2,P4291087,2025-04-29T11:28:48.000,34.95822167,32.83011,196402.01,748400.69,18.68,1.211
2,P4291088,2025-04-29T11:28:55.000,34.95821667,32.830115,196401.54,748401.24,19.92,1.3
2,P4291089,2025-04-29T11:29:21.000,34.9582,32.83013667,196399.99,748403.65,22.14,1.428
2,P4291090,2025-04-29T11:29:36.000,34.95819,32.83014833,196399.05,748404.94,23.41,1.544
2,P4291091,2025-04-29T11:32:06.000,34.95809167,32.83026833,196389.88,748418.27,28.79,0.701
2,P4291092,2025-04-29T11:32:14.000,34.958085,32.830275,196389.25,748419.02,28.46,0.677
2,P4291093,2025-04-29T11:32:22.000,34.95808,32.83028,196388.79,748419.57,27.2,0.691
2,P4291094,2025-04-29T11:32:26.000,34.95807833,32.83028333,196388.63,748419.94,27.2,0.691
2,P4291095,2025-04-29T11:32:48.000,34.95806333,32.83030167,196387.23,748421.98,25.0,0.757
2,P4291096,2025-04-29T11:33:09.000,34.95805,32.83031833,196385.99,748423.83,22.8,0.795
2,P4291097,2025-04-29T11:33:21.000,34.95804167,32.83032833,196385.21,748424.94,21.59,0.778
2,P4291098,2025-04-29T11:33:32.000,34.958035,32.83033667,196384.59,748425.87,20.4,0.78
2,P4291099,2025-04-29T11:33:59.000,34.95801,32.83035833,196382.25,748428.27,17.12,0.817
2,P4291100,2025-04-29T11:34:13.000,34.95799333,32.83037,196380.7,748429.57,16.0,0.907
2,P4291101,2025-04-29T11:34:56.000,34.95793833,32.830405,196375.56,748433.46,12.0,0.998
2,P4291102,2025-04-29T11:35:07.000,34.957925,32.830415,196374.31,748434.58,11.05,1.126
2,P4291103,2025-04-29T11:35:17.000,34.95791167,32.83042167,196373.06,748435.32,10.2,1.178
2,P4291104,2025-04-29T11:35:30.000,34.957895,32.83043333,196371.51,748436.62,9.85,1.168
2,P4291105,2025-04-29T11:35:53.000,34.95786667,32.83045167,196368.86,748438.66,9.22,1.258
2,P4291106,2025-04-29T11:36:01.000,34.95785667,32.83045833,196367.92,748439.4,9.22,1.124
2,P4291107,2025-04-29T11:36:11.000,34.95784333,32.83046667,196366.68,748440.32,10.3,0.941
2,P4291108,2025-04-29T11:36:49.000,34.95779667,32.83049833,196362.32,748443.85,13.15,1.017
2,P4291109,2025-04-29T11:38:15.000,34.95769333,32.83056833,196352.66,748451.63,23.54,1.596
2,P4291110,2025-04-29T11:38:23.000,34.95769,32.83057333,196352.35,748452.19,23.77,1.576
2,P4291111,2025-04-29T11:38:37.000,34.95768667,32.83058333,196352.04,748453.3,24.04,1.549
2,P4291112,2025-04-29T11:38:53.000,34.95768167,32.83059333,196351.57,748454.41,25.3,1.464
2,P4291113,2025-04-29T11:39:08.000,34.95767667,32.83060333,196351.11,748455.52,25.63,1.33
2,P4291114,2025-04-29T11:39:25.000,34.95767167,32.830615,196350.64,748456.81,26.93,1.238
2,P4291115,2025-04-29T11:39:55.000,34.95766333,32.830635,196349.87,748459.03,27.73,1.019
2,P4291116,2025-04-29T11:40:10.000,34.95765833,32.830645,196349.4,748460.14,26.17,0.919
2,P4291117,2025-04-29T11:40:18.000,34.95765667,32.83065,196349.25,748460.7,26.17,0.919
2,P4291118,2025-04-29T11:40:21.000,34.95765667,32.83065167,196349.25,748460.88,26.17,0.919
2,P4291119,2025-04-29T11:40:27.000,34.957655,32.83065667,196349.09,748461.44,25.5,0.867
2,P4291120,2025-04-29T11:40:40.000,34.95765,32.830665,196348.63,748462.36,24.08,0.911
2,P4291121,2025-04-29T11:40:58.000,34.957645,32.83067667,196348.16,748463.66,23.43,0.971
2,P4291122,2025-04-29T11:41:01.000,34.957645,32.83067833,196348.16,748463.84,23.43,0.971
2,P4291123,2025-04-29T11:41:13.000,34.95764167,32.83068667,196347.85,748464.77,22.8,1.012
2,P4291124,2025-04-29T11:41:22.000,34.95763833,32.83069333,196347.54,748465.51,21.4,1.052
2,P4291125,2025-04-29T11:41:28.000,34.95763667,32.83069667,196347.39,748465.88,21.4,1.052
2,P4291126,2025-04-29T11:41:31.000,34.957635,32.83069833,196347.23,748466.06,21.4,1.052
2,P4291127,2025-04-29T11:42:04.000,34.95762667,32.83072167,196346.46,748468.65,18.87,1.219
2,P4291128,2025-04-29T11:42:13.000,34.95762333,32.83072667,196346.14,748469.21,18.0,1.26
2,P4291129,2025-04-29T11:42:36.000,34.95761667,32.83074167,196345.52,748470.87,17.0,1.264
2,P4291130,2025-04-29T11:42:54.000,34.95761167,32.830755,196345.06,748472.35,15.0,1.26
2,P4291131,2025-04-29T11:43:17.000,34.95760167,32.830775,196344.13,748474.57,13.04,1.206
2,P4291132,2025-04-29T11:43:19.000,34.9576,32.83077833,196343.97,748474.94,13.04,1.206
2,P4291133,2025-04-29T11:43:27.000,34.95759,32.83079333,196343.04,748476.61,11.18,1.31
2,P4291134,2025-04-29T11:43:59.000,34.957555,32.83085333,196339.78,748483.27,5.83,1.461
2,P4291135,2025-04-29T11:44:34.000,34.957515,32.83091833,196336.05,748490.49,0.0,2.675
2,P4291136,2025-04-29T11:44:43.000,34.957505,32.830935,196335.12,748492.34,0.0,3.155
2,P4291137,2025-04-29T11:44:45.000,34.95750333,32.83093833,196334.96,748492.71,0.0,3.155
2,P4291138,2025-04-29T11:44:47.000,34.9575,32.83094167,196334.65,748493.08,0.0,3.289
2,P4291139,2025-04-29T11:44:59.000,34.95748667,32.83096333,196333.41,748495.48,0.0,2.958
2,P4291140,2025-04-29T11:45:09.000,34.957505,32.83097167,196335.13,748496.4,0.0,2.801
2,P4291141,2025-04-29T11:45:15.000,34.95751667,32.83097667,196336.22,748496.96,0.0,2.717
2,P4291142,2025-04-29T11:50:11.000,34.95835,32.83109167,196414.28,748509.53,21.59,0.769
2,P4291143,2025-04-29T11:50:18.000,34.95837833,32.83109333,196416.93,748509.71,24.52,0.671
2,P4291144,2025-04-29T11:50:22.000,34.958395,32.831095,196418.49,748509.89,25.5,0.703
2,P4291145,2025-04-29T11:50:34.000,34.95844333,32.8311,196423.02,748510.43,29.73,0.874
2,P4291146,2025-04-29T11:50:44.000,34.95848333,32.83110333,196426.77,748510.79,32.57,0.942
2,P4291147,2025-04-29T11:52:41.000,34.95883333,32.831015,196459.51,748500.92,50.45,1.156
2,P4291148,2025-04-29T11:52:49.000,34.95885333,32.83101333,196461.39,748500.73,50.01,1.015
2,P4291149,2025-04-29T11:53:19.000,34.95893167,32.83100667,196468.72,748499.98,50.09,0.906
2,P4291150,2025-04-29T11:53:36.000,34.95897667,32.83100333,196472.93,748499.59,50.0,0.95
2,P4291151,2025-04-29T11:53:48.000,34.95900833,32.831,196475.9,748499.22,50.04,0.884
2,P4291152,2025-04-29T11:53:54.000,34.95902333,32.831,196477.3,748499.22,50.09,0.891
2,P4291153,2025-04-29T11:54:02.000,34.95904667,32.83099667,196479.49,748498.84,51.24,0.857
2,P4291154,2025-04-29T11:54:11.000,34.95907333,32.83099333,196481.98,748498.46,51.62,0.952
2,P4291155,2025-04-29T11:54:29.000,34.95912667,32.83098833,196486.97,748497.9,53.6,0.927
2,P4291156,2025-04-29T11:55:04.000,34.95923,32.83097833,196496.65,748496.77,57.38,0.764
2,P4291157,2025-04-29T11:55:22.000,34.95928667,32.83097333,196501.95,748496.2,59.94,0.683
2,P4291158,2025-04-29T11:55:48.000,34.95939333,32.83098,196511.94,748496.92,63.32,1.14
2,P4291159,2025-04-29T11:55:56.000,34.959425,32.83098333,196514.91,748497.28,63.25,1.264
2,P4291160,2025-04-29T11:56:10.000,34.95948167,32.83098667,196520.21,748497.64,65.0,1.337
2,P4291161,2025-04-29T11:56:31.000,34.95955667,32.83097333,196527.23,748496.14,64.76,1.138
2,P4291162,2025-04-29T11:56:42.000,34.959595,32.830965,196530.82,748495.21,64.94,1.322
2,P4291163,2025-04-29T11:56:47.000,34.95961167,32.83096,196532.38,748494.65,65.76,1.411
2,P4291164,2025-04-29T11:57:10.000,34.95969167,32.83094333,196539.86,748492.79,67.03,0.734
2,P4291165,2025-04-29T11:57:20.000,34.959725,32.83095333,196542.99,748493.89,66.01,0.664
2,P4291166,2025-04-29T11:57:28.000,34.95975167,32.83096333,196545.49,748494.99,65.07,0.715
2,P4291167,2025-04-29T11:57:37.000,34.95978167,32.83097667,196548.3,748496.46,63.29,0.747
2,P4291168,2025-04-29T11:57:43.000,34.95980167,32.830985,196550.17,748497.38,62.51,0.782
2,P4291169,2025-04-29T11:57:49.000,34.95982167,32.83099167,196552.05,748498.12,61.81,0.833
2,P4291170,2025-04-29T11:57:57.000,34.95984833,32.83100333,196554.55,748499.41,60.96,0.911
2,P4291171,2025-04-29T11:58:11.000,34.95989333,32.83102167,196558.77,748501.43,56.85,0.937
2,P4291172,2025-04-29T11:58:22.000,34.959925,32.831025,196561.73,748501.79,55.0,1.035
2,P4291173,2025-04-29T11:59:17.000,34.96008333,32.83104167,196576.56,748503.61,45.69,1.051
2,P4291174,2025-04-29T11:59:29.000,34.96011833,32.831045,196579.84,748503.97,44.27,1.01
2,P4291175,2025-04-29T11:59:43.000,34.96015833,32.83104833,196583.59,748504.33,42.45,0.834
2,P4291176,2025-04-29T11:59:48.000,34.96017167,32.83105,196584.84,748504.51,41.98,0.703
2,P4291177,2025-04-29T12:00:07.000,34.96023333,32.83106167,196590.61,748505.79,40.2,0.673
2,P4291178,2025-04-29T12:00:29.000,34.960315,32.83108333,196598.26,748508.18,37.22,0.548
2,P4291179,2025-04-29T12:00:32.000,34.960325,32.83108667,196599.2,748508.55,37.34,0.524
2,P4291180,2025-04-29T12:01:00.000,34.96042833,32.831115,196608.88,748511.66,33.06,0.576
2,P4291181,2025-04-29T12:01:10.000,34.960465,32.83112833,196612.32,748513.14,31.0,0.424
2,P4291182,2025-04-29T12:01:17.000,34.96049,32.83113667,196614.66,748514.05,30.23,0.434
2,P4291183,2025-04-29T12:01:27.000,34.96052667,32.83114833,196618.1,748515.34,26.42,0.592
2,P4291184,2025-04-29T12:01:51.000,34.96061333,32.83117833,196626.22,748518.65,20.62,0.661
2,P4291185,2025-04-29T12:02:04.000,34.96066,32.831195,196630.6,748520.49,18.03,0.636
2,P4291186,2025-04-29T12:02:14.000,34.96069167,32.83120833,196633.56,748521.96,17.0,0.756
2,P4291187,2025-04-29T12:02:17.000,34.96070167,32.83121167,196634.5,748522.33,16.0,0.818
2,P4291188,2025-04-29T12:02:34.000,34.96075667,32.83123667,196639.66,748525.09,14.32,1.105
2,P4291189,2025-04-29T12:03:05.000,34.96085667,32.83127833,196649.03,748529.69,15.62,0.679
2,P4291190,2025-04-29T12:03:11.000,34.960875,32.83128667,196650.75,748530.61,15.81,0.676
2,P4291191,2025-04-29T12:03:24.000,34.96092833,32.83130667,196655.75,748532.81,16.49,0.627
2,P4291192,2025-04-29T12:03:37.000,34.96098167,32.83132667,196660.75,748535.02,14.0,0.464
2,P4291193,2025-04-29T12:04:27.000,34.96111667,32.83138167,196673.4,748541.09,10.63,0.863
2,P4291194,2025-04-29T12:04:36.000,34.96112333,32.83138667,196674.03,748541.64,10.63,1.005
2,P4291195,2025-04-29T12:04:47.000,34.96113167,32.83139333,196674.81,748542.38,9.9,1.085
2,P4291196,2025-04-29T12:05:11.000,34.96115,32.83140667,196676.53,748543.86,10.82,1.324
