Site ,Distance,Algae_type,Percent_cover,SE
Shikmona,-6,Turf,48.53333333,3.744201867
Shikmona,0,Turf,41.06666667,5.889688903
Shikmona,3,Turf,57.6,6.770886054
Shikmona,6,Turf,67.2,4.732863826
Shikmona,8,Turf,17.6,3.913347124
Shikmona,14,Turf,1.333333333,0.659828879
Shikmona,-6,Canopy,0,0
Shikmona,0,Canopy,0,0
Shikmona,3,Canopy,0,0
Shikmona,6,Canopy,0,0
Shikmona,8,Canopy,51.73333333,5.382764128
Shikmona,14,Canopy,89.86666667,3.519430999
Achziv,-6,Turf,91.2,2.107324447
Achziv,0,Turf,78.93333333,2.473258337
Achziv,3,Turf,82.93333333,2.663944189
Achziv,10,Turf,80.53333333,2.766170761
Achziv,17,Turf,30.13333333,5.044563316
Achziv,27,Turf,0.8,0.599319342
Achziv,-6,Canopy,0,0
Achziv,0,Canopy,0,0
Achziv,3,Canopy,0,0
Achziv,10,Canopy,0,0
Achziv,17,Canopy,14.93333333,4.579754323
Achziv,27,Canopy,83.46666667,3.328704269