Date,Treatment,Habitat,Dominent_algae,Transplanted_algae,Habitat_complexity,Camera_ID,File_Number,Time,Species,Max_n,Activity,Guild,
2024-06-13,Control,Marine_forest,Sargassum.vulgare,Sargassum.vulgare,1,A,GH036340,7:44:00,Siganus sp.,6,swimming,Herbivore,
2024-06-13,Control,Marine_forest,Sargassum.vulgare,Sargassum.vulgare,1,A,GH036340,7:44:00,Fistularia.sp.,1,swimming,,
2024-06-13,Control,Marine_forest,Sargassum.vulgare,Sargassum.vulgare,1,A,GH046340,7:22:00,Mugilidae,78,swimming,,pooping and removing parasites
2024-06-13,Translocated,Rocky_reef,Terf,Sargassum.vulgare,1.5,A,GH075897,10:59:00,Siganus.sp.,7,grazing,Herbivore,eating both transplanted and local alga
2024-06-13,Translocated,Rocky_reef,Terf,Sargassum.vulgare,1.5,A,GH075897,3:24:00,Mugilidae,98,swimming,,pooping and removing parasites
2024-06-13,Translocated,Rocky_reef,Terf,Sargassum.vulgare,1.5,A,GH035897,2:50:00,Parupeneus.forsskali,2,swimming,,
2024-06-13,Translocated,Rocky_reef,Terf,Sargassum.vulgare,1.5,A,GH035897,11:43:00,Epinephelus.costae,1,perching,,
2024-06-13,Translocated,Rocky_reef,Terf,Sargassum.vulgare,1.5,A,GH015897,3:21:00,Thalassoma.pavo,1,swimming,,
2024-06-13,Translocated,Rocky_reef,Terf,Sargassum.vulgare,1.5,A,GH035897,2:52:00,Diplodus.sargus,3,swimming,,
2024-06-13,Translocated,Rocky_reef,Terf,Sargassum.vulgare,3,B,GH066176,10:05:00,Siganus.sp.,47,grazing,Herbivore,eating but not the transplanted alga
2024-06-13,Translocated,Rocky_reef,Terf,Sargassum.vulgare,3,B,GH056176,9:20:00,Diplodus.vulgaris,18,swimming,,
2024-06-13,Translocated,Rocky_reef,Terf,Sargassum.vulgare,3,B,GH066176,9:20:00,Diplodus.sargus,4,swimming,,
2024-06-13,Translocated,Rocky_reef,Terf,Sargassum.vulgare,3,B,GH056176,1:45:00,Parupeneus.forsskali,1,swimming,,
2024-06-13,Translocated,Rocky_reef,Terf,Sargassum.vulgare,3,B,GH066176,9:15:00,Oblada.melanura,1,swimming,,
2024-06-19,Control,Marine_forest,Gongolaria.rayssiae,Gongolaria.rayssiae,1,A,GX024984,2:26:00,Siganus.sp.,11,swimming,Herbivore,
2024-06-19,Control,Marine_forest,Gongolaria.rayssiae,Gongolaria.rayssiae,1,A,GX024984,10:27:00,Diplodus.sargus,8,swimming,,
2024-06-19,Translocated,Rocky_reef,Terf,Gongolaria.rayssiae,3,A,GH056342,4:11:00,Siganus.sp.,27,grazing,Herbivore,eating but not the transplanted alga
2024-06-19,Translocated,Rocky_reef,Terf,Gongolaria.rayssiae,3,A,GH016342,2:25:00,Parupeneus.forsskali,3,swimming,,
2024-06-19,Translocated,Rocky_reef,Terf,Gongolaria.rayssiae,3,A,GH016342,2:40:00,Symphodus tinca,2,swimming,,
2024-06-19,Translocated,Rocky_reef,Terf,Gongolaria.rayssiae,3,A,GH036342,6:28:00,Diplodus.vulgaris,3,swimming,,
2024-06-19,Translocated,Rocky_reef,Terf,Gongolaria.rayssiae,3,A,GH056342,0:44:00,Diplodus.sargus,3,swimming,,
2024-06-19,Translocated,Rocky_reef,Terf,Gongolaria.rayssiae,3,A,GH066342,4:00:00,Thalassoma.pavo,1,swimming,,
2024-06-19,Translocated,Rocky_reef,Terf,Gongolaria.rayssiae,3,B,GH026181,6:11:00,Siganus.sp.,16,grazing,Herbivore,eating but not the transplanted alga
2024-06-19,Translocated,Rocky_reef,Terf,Gongolaria.rayssiae,3,B,GH036181,4:00:00,Thalassoma.pavo,1,swimming,,
2024-06-19,Translocated,Rocky_reef,Terf,Gongolaria.rayssiae,3,B,GH046181,3:56:00,Diplodus.sargus,3,swimming,,
2024-06-19,Translocated,Rocky_reef,Terf,Gongolaria.rayssiae,3,B,GH036181,4:56:00,Sparus.aurata,1,swimming,,
2025-04-22,Translocated,Rocky_reef,Terf,Sargassum_Gongolaria,3,A,GX032014,8:58:00,Siganus.sp.,21,grazing,Herbivore,
2025-04-22,Translocated,Rocky_reef,Terf,Sargassum_Gongolaria,3,A,GX032014,24:12:00,Diplodus.sargus,35,swimming,,
2025-04-22,Translocated,Rocky_reef,Terf,Sargassum_Gongolaria,3,A,GX022014,5:47:00,Oblada.melanura,8,swimming,,
2025-04-22,Translocated,Rocky_reef,Terf,Sargassum_Gongolaria,3,A,GX022014,5:10:00,Lagocephalus.spadiceus,1,swimming,,
2025-04-22,Translocated,Rocky_reef,Terf,Sargassum_Gongolaria,3,A,GX032014,14:31:00,Parupeneus.forsskali,1,swimming,,
2025-04-22,Translocated,Rocky_reef,Terf,Sargassum_Gongolaria,3,B,GX30490,15:53:00,Siganus.sp.,19,grazing,Herbivore,
2025-04-22,Translocated,Rocky_reef,Terf,Sargassum_Gongolaria,3,B,GX30490,19:00:00,Diplodus.sargus,41,swimming,,
2025-04-22,Translocated,Rocky_reef,Terf,Sargassum_Gongolaria,3,B,GX30490,2:20:00,Diplodus.cervinus,2,swimming,,
2025-04-22,Translocated,Rocky_reef,Terf,Sargassum_Gongolaria,3,B,GX30490,28:13:00,Diplodus.vulgaris,5,swimming,,
2025-04-22,Translocated,Rocky_reef,Terf,Sargassum_Gongolaria,3,B,GX30490,3:38:00,Dentex.dentex,1,chasing,,
2025-04-22,Translocated,Rocky_reef,Terf,Sargassum_Gongolaria,3,B,GX30490,3:44:00,Epinephelus.marginatus,1,swimming,,
2025-04-22,Translocated,Rocky_reef,Terf,Sargassum_Gongolaria,3,B,GX30490,13:01:00,Lagocephalus.spadiceus,1,swimming,,
2025-04-22,Translocated,Rocky_reef,Terf,Sargassum_Gongolaria,3,B,GX30490,2:20:00,Sparus.aurata,1,swimming,,
2025-04-29,Control,Marine_forest,Gongolaria.rayssiae,Sargassum_Gongolaria,1,A,GX034474,3:49:00,Siganus.sp.,7,swimming,Herbivore,
2025-04-29,Control,Marine_forest,Gongolaria.rayssiae,Sargassum_Gongolaria,1,A,GX014474,20:40:00,Fistularia.sp.,15,swimming,,
2025-04-29,Control,Marine_forest,Gongolaria.rayssiae,Sargassum_Gongolaria,1,A,GX014474,22:08:00,Torquigener.flavimaculosus,1,swimming,,
2025-04-29,Control,Marine_forest,Gongolaria.rayssiae,Sargassum_Gongolaria,1,A,GX014474,21:33:00,Lagocephalus.spadiceus,12,swimming,,
2025-04-29,Control,Marine_forest,Gongolaria.rayssiae,Sargassum_Gongolaria,1,A,GX024474,23:17:00,Sphyraena.sp,3,swimming,,
2025-04-29,Control,Marine_forest,Gongolaria.rayssiae,Sargassum_Gongolaria,1,B,GX20493,2:06:00,Lagocephalus.spadiceus,1,swimming,,
2025-04-29,Control,Marine_forest,Gongolaria.rayssiae,Sargassum_Gongolaria,1,B,GX20493,8:23:00,Fistularia.sp.,1,swimming,,
2025-04-29,Translocated,Rocky_reef,Terf,Sargassum_Gongolaria,3,A,GH046427,5:13:00,Siganus.sp.,36,grazing,Herbivore,
2025-04-29,Translocated,Rocky_reef,Terf,Sargassum_Gongolaria,3,A,GH046427,45:22:00,Oblada.melanura,1,swimming,,
2025-04-29,Translocated,Rocky_reef,Terf,Sargassum_Gongolaria,3,A,GH046427,47:13:00,Diplodus.cervinus,1,swimming,,
2025-04-29,Translocated,Rocky_reef,Terf,Sargassum_Gongolaria,3,A,GH056427,5:19:00,Diplodus.sargus,13,swimming,,
2025-04-29,Translocated,Rocky_reef,Terf,Sargassum_Gongolaria,3,A,GH076427,10:03,Caranx.crysos,100,swimming,,
2025-04-29,Translocated,Rocky_reef,Terf,Sargassum_Gongolaria,3,B,GH020491,20:16:00,Siganus.sp.,45,grazing,Herbivore,
2025-04-29,Translocated,Rocky_reef,Terf,Sargassum_Gongolaria,3,B,GH010491,,Diplodus.sargus,13,swimming,,
2025-04-29,Translocated,Rocky_reef,Terf,Sargassum_Gongolaria,3,B,GH010491,28:25:00,Fistularia.sp.,1,swimming,,
2025-04-29,Translocated,Rocky_reef,Terf,Sargassum_Gongolaria,3,B,GH010491,28:41:00,Pempheris.rhomboidea,3,swimming,,
2025-04-29,Translocated,Rocky_reef,Terf,Sargassum_Gongolaria,3,B,GH010491,34:17:00,Diplodus.cervinus,1,swimming,,
2025-04-29,Translocated,Rocky_reef,Terf,Sargassum_Gongolaria,3,C,GX022616,4:41:00,Siganus.sp.,35,grazing,Herbivore,
2025-04-29,Translocated,Rocky_reef,Terf,Sargassum_Gongolaria,3,C,GX022616,7:48:00,Fistularia.sp.,1,swimming,,
2025-04-29,Translocated,Rocky_reef,Terf,Sargassum_Gongolaria,3,C,GX022616,18:09:00,Diplodus.sargus,52,swimming,,
2025-04-29,Translocated,Rocky_reef,Terf,Sargassum_Gongolaria,3,C,GX022616,17:17:00,Fistularia.sp.,1,swimming,,
2025-04-29,Translocated,Rocky_reef,Terf,Sargassum_Gongolaria,3,C,GX022616,42:07:00,Caranx.crysos,100,swimming,,
2025-04-29,Translocated,Rocky_reef,Terf,Sargassum_Gongolaria,3,C,GX022616,42:22:00,Sparus.aurata,1,swimming,,
2025-04-29,Translocated,Rocky_reef,Terf,Sargassum_Gongolaria,3,C,GX022616,01:53,Diplodus.cervinus,1,swimming,,
,,,,,,,,,,,,,