species,new_a,new_b
Thalassoma.pavo,0.0092,3.111
Coris.julis,0.0082,3.054
Symphodus.roissali,0.0069,3.386
Chromis.chromis,0.0275,2.703
Serranus.scriba,0.0044,3.409
Siganus.luridus,0.011,3.04
Epinephelus.marginatus,0.0127,3.085
Sargocentron.rubrum,0.0571,2.658
Epinephelus.costae,0.0176,2.885
Mycteroperca.rubra,0.008,3.065
Torquigener.flavimaculosus,0.03761,2.8363
Pterois.miles,0.01023,3.1
Symphodus.tinca,0.02782,2.733
Diplodus.sargus,0.0608,2.5
Scarus.ghobban,0.0233,2.919
Sciaena.umbra,0.0069,3.159
Oblada.melanura,0.017,2.934
Diplodus.vulgaris,0.0194,2.93
Diplodus.cervinus,0.0116,3.14
Siganus.rivulatus,0.022,2.82
Mugilidae,0.0138,2.98
Serranus.cabrilla,0.0174,2.85
Symphodus.mediterraneus,0.0173,2.902
Sparisoma.cretense,0.01127,3.052
Dasyatis.pastinaca,0.0149,2.81
Mullus.surmuletus,0.0083,3.15
Clupeidae,0.00741,3.03
Rhinobatos.rhinobatos,0.0012,3.192
Caranx.crysos,0.01,3
Boops.boops,0.01467,2.877
Atherina.boyeri,0.0043,3.187
Sparus.aurata,0.0266,2.736
Pteragogus.trispilus,0.02042,2.99
Diplodus.annularis,0.0123,3.13
Diplodus.puntazzo,0.0044,2.662
Pempheris.vanicolensis,0.0119,3.026
Xyrichtys.novacula,0.01288,2.89
Lagocephalus.sceleratus,0.013,2.933
Taeniura.grabata,0.00869,3
Pagrus.caeruleostictus,0.0125,2.995
Pempheris.rhomboidea,0.0119,3.026
Torpedo.torpedo,0.04544,2.689
Torpedo.marmorata,0.0579,2.733
Pomadasys.incisus,0.0199,2.834
Lithognathus.mormyrus,0.0192,2.83
Himantura.uarnak,0.01698,3.17
Muraena.helena,0.0056,2.776
Cheilodipterus.novemstriatus,0.01047,3.08
Stephanolepis.diaspros,0.0162,3.03
Apogon.imberbis,0.114,2.117
Sarpa.salpa,0.0087,3.134
Parupeneus.forsskali,0.0037,3.381
Spicara.maena,0.0089,3.1
Atherinomorus.forskalii,0.01122,3.04
Pagellus.acarne,0.0186,2.841
Fistularia.commersonii,0.0112,2.54
Epinephelus.aeneus,0.012,2.987
Sardina.pilchardus,0.00688,3.05
Herklotsichthys.punctatus,0.00933,3.04
Spicara.smaris,0.0105,2.97
Belone.belone,0.00093,3.05
Symphodus.cinereus,0.01148,3.06
Pagrus.pagrus,0.0138,3.03
Apogonichthyoides.pharaonis,0.01096,3.1
Echeneis.naucrates,0.127,2.113
Symphodus.ocellatus,0.0123,3.13
Scomberomorus.commerson,0.012,2.812
Seriola.dumerili,0.0199,2.964
Trachinotus.ovatus,0.022,2.73
Trachurus.mediterraneus,0.0128,2.81
Balistes.capriscus,0.0678,2.429
Plotosus.lineatus,0.008,2.95
Serranus.hepatus,0.0151,3.04
Pseudocaranx.dentex,0.131,2.51
Sphyraena.chrysotaenia,0.012,2.73
Dentex.dentex,0.013,2.987
Abudefduf.saxatilis,0.0209,3.12
Upeneus.pori,0.0095,3.02
Pagrus.auriga,0.01905,3
Atherinidae,0.01122,3.04
Scorpaena.scrofa,0.01318,3.02
Pomacanthus.maculosus,0.0302,2.89
Sphyraena.flavicauda,0.00794,2.89
Istiblennius.meleagris,0.00776,3
Parablennius sp.,0.0106,3.2098